school_id,year,success,ela_success,math_success
4450105,2017,5.905000000000003,6.070000000000002,5.740000000000004
10405,2017,6.565000000000003,6.610000000000005,6.520000000000001
10003,2017,6.235000000000001,6.475,5.995000000000002
10015,2017,7.075000000000005,7.060000000000005,7.090000000000003
4120530,2017,5.455000000000007,5.680000000000007,5.230000000000007
6000005,2017,8.447500000000002,8.410000000000005,8.484999999999996
6000020,2017,7.832500000000001,7.945000000000002,7.7200000000000015
6000030,2017,9.047500000000005,8.77000000000001,9.325
6000015,2017,7.2850000000000055,7.135000000000005,7.435000000000005
6000010,2017,7.967500000000003,7.75,8.185000000000006
6000025,2017,9.017500000000007,8.830000000000007,9.205000000000007
6000405,2017,9.002500000000003,8.290000000000003,9.715000000000003
30025,2017,6.565000000000003,6.625,6.505000000000007
30305,2017,6.040000000000004,5.680000000000007,6.4
6030004,2017,5.927500000000004,5.770000000000001,6.085000000000005
6030020,2017,5.455000000000007,5.605000000000007,5.305000000000007
6030505,2017,5.1850000000000005,5.545000000000002,4.825
4300305,2017,8.485,8.395000000000001,8.575
50405,2017,6.145000000000006,6.055000000000007,6.235000000000005
50020,2017,5.762500000000005,5.4700000000000015,6.055000000000007
50010,2017,6.895000000000006,6.2800000000000065,7.510000000000005
50030,2017,6.662500000000004,6.565000000000003,6.760000000000005
50303,2017,6.790000000000004,6.415000000000004,7.165000000000004
50025,2017,6.7825000000000015,6.55,7.015000000000003
4090205,2017,6.662500000000004,6.5950000000000015,6.730000000000007
70005,2017,6.970000000000006,7.180000000000007,6.760000000000005
70013,2017,6.625000000000004,6.580000000000007,6.670000000000002
70010,2017,6.107500000000002,6.790000000000004,5.425
80009,2017,6.145000000000001,6.475,5.815000000000003
80020,2017,6.302500000000004,6.445000000000002,6.1600000000000055
80050,2017,6.767500000000003,6.670000000000002,6.865000000000004
6050405,2017,7.4725000000000055,7.480000000000007,7.465000000000003
90310,2017,7.6600000000000055,7.555000000000007,7.765000000000003
90003,2017,6.947500000000001,6.925,6.9700000000000015
90305,2017,7.862500000000004,7.960000000000005,7.765000000000003
90010,2017,7.450000000000005,7.240000000000004,7.6600000000000055
90004,2017,8.545000000000002,8.709999999999997,8.380000000000006
90020,2017,8.050000000000004,8.170000000000002,7.930000000000007
90025,2017,6.985000000000005,6.790000000000004,7.180000000000007
90350,2017,7.9975000000000005,7.675,8.320000000000002
35090305,2017,4.930000000000007,5.005000000000007,4.855000000000007
100010,2017,8.057500000000006,8.185000000000006,7.930000000000007
100025,2017,7.615000000000004,7.810000000000005,7.420000000000002
100030,2017,7.675000000000004,7.7200000000000015,7.630000000000007
100005,2017,8.747500000000006,9.055000000000007,8.440000000000003
100055,2017,7.322500000000005,7.330000000000007,7.315000000000003
100410,2017,8.095000000000006,8.185000000000006,8.005000000000006
100045,2017,7.352500000000004,7.630000000000007,7.075
100050,2017,7.6600000000000055,8.185000000000006,7.135000000000005
6100025,2017,6.520000000000001,6.415000000000004,6.625
6100305,2017,6.842500000000003,6.670000000000002,7.015000000000003
6100005,2017,6.437500000000004,6.385000000000005,6.490000000000004
140405,2017,7.9675000000000065,7.7800000000000065,8.155000000000006
140015,2017,6.872500000000006,6.865000000000004,6.880000000000007
6150020,2017,3.917500000000002,4.060000000000005,3.775
6150305,2017,4.840000000000003,4.75,4.930000000000007
6150050,2017,5.822500000000001,6.1,5.545000000000002
4910550,2017,6.355000000000007,6.430000000000007,6.2800000000000065
160001,2017,7.045000000000002,6.715000000000003,7.375
160315,2017,6.542500000000002,6.9100000000000055,6.175
160045,2017,5.710000000000005,5.965000000000003,5.455000000000007
160040,2017,7.127500000000003,7.510000000000005,6.745000000000002
160050,2017,7.397500000000001,7.3450000000000015,7.45
160305,2017,6.715000000000003,6.460000000000005,6.9700000000000015
160035,2017,6.955000000000003,7.570000000000002,6.340000000000003
160320,2017,6.070000000000002,6.25,5.890000000000003
170305,2017,6.895000000000001,6.895000000000001,6.895000000000001
170030,2017,7.562500000000004,7.870000000000002,7.255000000000007
180510,2017,6.055000000000002,6.310000000000005,5.8
180010,2017,6.662500000000005,7.120000000000002,6.205000000000007
6160305,2017,6.257500000000002,6.415000000000004,6.1
6160001,2017,6.475000000000004,6.6550000000000065,6.295000000000002
6160002,2017,6.205000000000007,6.6550000000000065,5.755000000000007
200505,2017,5.635000000000005,5.4100000000000055,5.860000000000005
200315,2017,6.197500000000005,6.235000000000005,6.1600000000000055
200050,2017,6.115000000000004,6.070000000000002,6.1600000000000055
200010,2017,6.962500000000004,7.195000000000002,6.730000000000007
200025,2017,6.137499999999999,5.725,6.55
200005,2017,5.6875,5.8,5.575
200045,2017,7.555000000000002,7.840000000000003,7.270000000000001
4270010,2017,7.255000000000003,7.165000000000004,7.3450000000000015
35020405,2017,5.200000000000005,5.365000000000004,5.0350000000000055
230305,2017,7.735000000000005,7.555000000000007,7.915000000000004
230012,2017,8.080000000000002,7.990000000000004,8.170000000000002
240006,2017,6.1225000000000005,6.2200000000000015,6.025
240025,2017,6.475000000000004,6.610000000000005,6.340000000000003
240018,2017,5.882500000000002,6.475,5.290000000000004
250505,2017,6.692500000000003,6.385000000000005,7.0
250315,2017,6.227500000000003,6.175,6.2800000000000065
250020,2017,6.842500000000003,6.625,7.060000000000005
250025,2017,7.465000000000003,7.825,7.105000000000007
260015,2017,8.297500000000007,8.185000000000006,8.410000000000005
260010,2017,9.032500000000002,8.590000000000003,9.475
260035,2017,8.560000000000006,8.62000000000001,8.5
260005,2017,9.092500000000006,8.755000000000006,9.430000000000007
260305,2017,8.897499999999997,8.559999999999997,9.234999999999996
4200205,2017,7.795000000000002,7.990000000000004,7.6
4470205,2017,8.529999999999998,8.484999999999996,8.575
35110205,2017,5.725,5.5,5.95
270010,2017,7.375000000000004,7.630000000000007,7.120000000000002
270305,2017,6.587500000000004,6.490000000000004,6.685000000000005
4140305,2017,6.632500000000006,6.580000000000007,6.685000000000005
6180310,2017,5.920000000000002,6.175,5.665000000000004
6180035,2017,5.155000000000003,5.365000000000004,4.945000000000002
280005,2017,6.872500000000006,6.9100000000000055,6.835000000000005
6200505,2017,7.015000000000003,6.85,7.180000000000007
300055,2017,6.925000000000004,6.805000000000007,7.045000000000002
300305,2017,6.482500000000006,6.5350000000000055,6.430000000000007
300010,2017,6.370000000000001,6.640000000000003,6.1
300015,2017,7.330000000000003,7.540000000000004,7.120000000000002
300033,2017,6.940000000000003,7.2850000000000055,6.5950000000000015
300040,2017,6.955000000000003,7.120000000000002,6.790000000000004
310030,2017,7.135000000000005,6.985000000000005,7.2850000000000055
310007,2017,6.497500000000006,6.5350000000000055,6.460000000000005
310026,2017,6.430000000000007,6.205000000000007,6.6550000000000065
310012,2017,7.667500000000007,7.555000000000007,7.7800000000000065
310310,2017,6.3475000000000055,6.205000000000007,6.490000000000004
310305,2017,6.640000000000003,6.760000000000005,6.520000000000001
310015,2017,6.145000000000001,5.665000000000004,6.625
310005,2017,6.850000000000004,6.805000000000007,6.895000000000001
6220015,2017,6.550000000000004,6.835000000000005,6.265000000000003
6220405,2017,6.317500000000003,6.385000000000005,6.25
6220010,2017,5.477500000000004,5.590000000000003,5.365000000000004
350390,2017,3.610000000000005,3.610000000000005,3.610000000000005
350560,2017,9.279999999999998,9.009999999999996,9.55
350545,2017,7.420000000000006,7.2850000000000055,7.555000000000007
350012,2017,6.317500000000003,6.625,6.010000000000005
350054,2017,5.072500000000005,5.080000000000007,5.065000000000003
350052,2017,4.795000000000005,5.230000000000007,4.360000000000005
350430,2017,4.412500000000005,4.6600000000000055,4.165000000000004
350146,2017,4.525000000000004,4.480000000000007,4.570000000000002
350020,2017,4.217500000000003,4.270000000000001,4.165000000000004
350062,2017,4.352500000000004,4.615000000000004,4.090000000000003
350066,2017,3.7900000000000036,4.675,2.905000000000007
350072,2017,3.557500000000002,3.6700000000000017,3.4450000000000016
350074,2017,3.2275000000000036,3.235000000000005,3.2200000000000015
350077,2017,4.562500000000004,4.840000000000003,4.2850000000000055
350080,2017,5.252500000000003,5.320000000000002,5.185000000000005
350008,2017,4.4725000000000055,4.105000000000007,4.840000000000003
350426,2017,5.777500000000003,5.770000000000001,5.7850000000000055
350375,2017,3.775000000000004,3.5950000000000015,3.9550000000000067
350088,2017,6.25,6.325,6.175
350096,2017,6.992500000000003,6.7,7.2850000000000055
350100,2017,5.327500000000003,5.545000000000002,5.110000000000005
350116,2017,5.732500000000006,6.085000000000005,5.380000000000007
350326,2017,4.6225000000000005,4.495000000000002,4.75
350122,2017,5.905000000000003,6.1,5.710000000000005
350200,2017,5.680000000000002,5.125,6.235000000000005
350135,2017,5.605000000000002,5.890000000000003,5.320000000000002
350377,2017,2.905000000000007,3.280000000000007,2.530000000000007
350750,2017,1.8775000000000035,1.9,1.8550000000000069
350141,2017,4.765000000000003,4.480000000000007,5.05
350013,2017,4.824999999999999,4.675,4.975
350154,2017,5.155000000000003,5.335000000000005,4.975
350156,2017,5.192500000000007,4.630000000000007,5.755000000000007
350485,2017,3.947500000000005,4.2850000000000055,3.610000000000005
350153,2017,3.9625000000000004,4.15,3.775
350172,2017,4.960000000000001,5.05,4.870000000000002
350166,2017,5.057500000000001,5.35,4.765000000000003
350179,2017,4.045000000000006,3.910000000000005,4.180000000000007
350180,2017,4.765000000000004,4.45,5.080000000000007
350182,2017,6.707500000000001,6.85,6.565000000000003
350183,2017,4.742500000000002,5.260000000000005,4.225
350184,2017,5.575000000000005,5.815000000000003,5.335000000000005
350181,2017,4.570000000000006,4.630000000000007,4.510000000000005
350286,2017,6.850000000000004,6.715000000000003,6.985000000000005
350190,2017,6.332500000000001,6.55,6.115000000000004
350376,2017,3.167500000000002,3.4900000000000033,2.8450000000000015
350383,2017,2.9275000000000038,2.620000000000002,3.235000000000005
350262,2017,5.4625,5.725,5.2
350004,2017,7.105000000000002,7.270000000000001,6.940000000000003
350215,2017,6.805000000000003,7.165000000000004,6.445000000000002
350656,2017,4.210000000000001,4.045000000000002,4.375
350227,2017,4.892500000000007,4.7800000000000065,5.005000000000007
350226,2017,3.100000000000004,3.505000000000007,2.6950000000000016
350229,2017,4.097500000000001,4.3,3.895000000000002
350231,2017,4.652500000000003,4.7200000000000015,4.585000000000005
350378,2017,3.850000000000004,3.7150000000000034,3.985000000000005
350382,2017,3.572500000000005,4.240000000000004,2.905000000000007
350237,2017,5.597500000000001,6.070000000000002,5.125
350243,2017,6.475000000000005,6.820000000000002,6.130000000000007
350138,2017,3.835000000000001,4.225,3.4450000000000016
350575,2017,7.682500000000002,7.45,7.915000000000004
350255,2017,5.9125,5.5,6.325
350257,2017,3.2575000000000056,3.2050000000000067,3.310000000000005
350264,2017,5.912500000000004,6.2200000000000015,5.605000000000007
350268,2017,5.335000000000001,4.870000000000002,5.8
350278,2017,5.747500000000005,6.010000000000005,5.485000000000005
350565,2017,6.055000000000003,6.025,6.085000000000005
350691,2017,4.990000000000004,5.0350000000000055,4.945000000000002
350240,2017,6.430000000000002,6.145000000000001,6.715000000000003
350298,2017,4.2850000000000055,4.555000000000007,4.015000000000003
350302,2017,5.297500000000005,5.440000000000003,5.1550000000000065
350304,2017,5.177500000000004,5.290000000000004,5.065000000000003
350308,2017,3.6400000000000032,3.85,3.430000000000007
350657,2017,3.4,3.925,2.875
350328,2017,4.802500000000004,4.615000000000004,4.990000000000004
350167,2017,4.292500000000002,4.495000000000002,4.090000000000003
350346,2017,7.112500000000004,7.3450000000000015,6.880000000000007
350445,2017,3.520000000000006,3.760000000000005,3.280000000000007
350366,2017,5.567500000000006,5.5300000000000065,5.605000000000007
350360,2017,4.727500000000004,5.0350000000000055,4.420000000000002
350258,2017,5.725000000000004,5.635000000000005,5.815000000000003
350363,2017,2.0950000000000015,2.2,1.9900000000000033
350370,2017,5.507500000000002,5.725,5.290000000000004
350374,2017,5.380000000000003,5.485000000000005,5.275
350380,2017,4.592500000000003,4.6,4.585000000000005
4490305,2017,6.460000000000001,6.25,6.670000000000002
4110305,2017,4.037500000000004,4.885000000000005,3.1900000000000035
4160305,2017,6.017500000000002,5.8450000000000015,6.190000000000003
4810550,2017,5.320000000000002,5.245000000000002,5.395000000000001
360325,2017,6.452500000000003,6.625,6.2800000000000065
360005,2017,6.025000000000004,5.980000000000007,6.070000000000002
360010,2017,5.6125,5.875,5.35
380013,2017,7.667500000000002,7.3,8.035000000000005
390005,2017,7.652500000000003,7.630000000000007,7.675
400033,2017,7.270000000000006,7.435000000000005,7.105000000000007
400050,2017,7.397500000000004,7.435000000000005,7.360000000000005
400305,2017,7.352500000000003,7.360000000000005,7.3450000000000015
400015,2017,7.547500000000001,7.9,7.195000000000002
400005,2017,7.510000000000001,7.645000000000001,7.375
400025,2017,7.697500000000002,7.870000000000002,7.525
400020,2017,7.877500000000003,8.380000000000006,7.375
400310,2017,7.517500000000003,7.525,7.510000000000005
410010,2017,6.745000000000002,6.7,6.790000000000004
4170205,2017,5.3125000000000036,5.230000000000007,5.395000000000001
6250320,2017,7.405000000000003,7.240000000000004,7.570000000000002
6250050,2017,7.307500000000006,7.330000000000007,7.2850000000000055
6250002,2017,7.217500000000003,6.9700000000000015,7.465000000000003
6250315,2017,6.790000000000004,6.445000000000002,7.135000000000005
6250300,2017,6.842500000000003,6.670000000000002,7.015000000000003
430005,2017,7.915000000000004,7.945000000000002,7.885000000000005
440421,2017,5.177500000000004,5.0350000000000055,5.320000000000002
440010,2017,4.240000000000004,4.0300000000000065,4.45
440110,2017,4.262500000000005,4.255000000000007,4.270000000000001
440001,2017,4.090000000000003,4.210000000000005,3.9700000000000015
440405,2017,3.970000000000006,4.255000000000007,3.685000000000005
440023,2017,4.7125,4.75,4.675
440055,2017,4.6600000000000055,4.2850000000000055,5.0350000000000055
440045,2017,5.275000000000004,5.7850000000000055,4.765000000000003
440400,2017,1.375,1.525,1.225
440017,2017,5.3425000000000065,5.5300000000000065,5.1550000000000065
440422,2017,5.567500000000003,5.65,5.485000000000005
440065,2017,5.402500000000003,5.35,5.455000000000007
440003,2017,4.1875000000000036,4.360000000000005,4.015000000000003
440002,2017,4.6225000000000005,4.825,4.420000000000002
440410,2017,4.127500000000003,4.330000000000007,3.925
440078,2017,3.9250000000000043,3.8200000000000016,4.0300000000000065
440415,2017,4.135000000000005,4.465000000000003,3.805000000000007
440420,2017,4.660000000000001,4.945000000000002,4.375
4280305,2017,7.577500000000003,7.3450000000000015,7.810000000000005
450005,2017,7.165000000000004,7.135000000000005,7.195000000000002
460005,2017,8.9125,8.95,8.875
460015,2017,7.757500000000006,7.7800000000000065,7.735000000000005
460025,2017,9.280000000000008,9.445000000000011,9.115000000000004
460045,2017,8.4025,8.320000000000002,8.484999999999996
460030,2017,8.252500000000005,8.140000000000004,8.365000000000004
460020,2017,8.402500000000007,8.035000000000005,8.77000000000001
460040,2017,8.440000000000003,8.380000000000006,8.5
460035,2017,8.260000000000005,8.140000000000004,8.380000000000006
480007,2017,6.677500000000004,6.445000000000002,6.9100000000000055
480035,2017,6.917500000000002,6.565000000000003,7.270000000000001
480303,2017,6.145000000000007,5.755000000000007,6.5350000000000055
480015,2017,6.1600000000000055,5.980000000000007,6.340000000000003
480020,2017,6.692500000000003,6.295000000000002,7.090000000000003
490006,2017,8.155000000000006,8.455000000000007,7.855000000000007
490305,2017,6.272500000000005,6.760000000000005,5.7850000000000055
490007,2017,7.697500000000005,8.440000000000003,6.955000000000007
490090,2017,6.692500000000006,6.730000000000007,6.6550000000000065
490080,2017,6.317500000000003,6.040000000000004,6.5950000000000015
490020,2017,5.792500000000002,6.040000000000004,5.545000000000002
490065,2017,7.877500000000003,7.9,7.855000000000007
490040,2017,5.402500000000003,5.380000000000007,5.425
490035,2017,6.962500000000004,7.060000000000005,6.865000000000004
490005,2017,7.082500000000001,7.270000000000001,6.895000000000001
490030,2017,8.305000000000003,8.365000000000004,8.245000000000001
490045,2017,6.887499999999999,6.925,6.85
490050,2017,7.030000000000003,7.210000000000005,6.85
490310,2017,5.627500000000003,5.890000000000003,5.365000000000004
490315,2017,7.712500000000004,7.840000000000003,7.585000000000005
490320,2017,7.502500000000003,7.390000000000003,7.615000000000004
500020,2017,7.705000000000006,7.4050000000000065,8.005000000000006
500017,2017,7.675,7.6,7.75
500012,2017,8.005000000000003,8.395000000000001,7.615000000000004
500305,2017,7.502500000000003,7.480000000000007,7.525
4320530,2017,7.570000000000006,7.7800000000000065,7.360000000000005
510025,2017,8.95,8.890000000000004,9.009999999999996
520015,2017,6.557500000000006,6.5350000000000055,6.580000000000007
520405,2017,6.092500000000003,6.385000000000005,5.8
6350005,2017,7.330000000000002,7.390000000000003,7.270000000000001
6350025,2017,6.272500000000004,6.190000000000003,6.355000000000007
6350035,2017,5.755000000000007,6.205000000000007,5.305000000000007
6350305,2017,5.650000000000004,5.590000000000003,5.710000000000005
560030,2017,7.337500000000004,7.495000000000002,7.180000000000007
560005,2017,8.342500000000001,8.395000000000001,8.290000000000003
560025,2017,7.337500000000004,7.270000000000001,7.4050000000000065
560305,2017,8.215000000000003,8.170000000000002,8.260000000000005
560310,2017,7.637500000000005,7.705000000000007,7.570000000000002
560015,2017,7.6225000000000005,7.45,7.795000000000002
570050,2017,4.5625000000000036,4.4050000000000065,4.7200000000000015
570030,2017,7.030000000000002,5.815000000000003,8.245000000000001
570045,2017,3.655000000000003,3.8350000000000053,3.475
570040,2017,4.390000000000004,4.585000000000005,4.195000000000002
570035,2017,5.575,5.2,5.95
570055,2017,3.475,3.7,3.25
570025,2017,5.177500000000004,5.125,5.230000000000007
6320025,2017,6.377500000000003,6.490000000000004,6.265000000000003
610003,2017,7.525000000000004,7.240000000000004,7.810000000000005
610305,2017,5.7850000000000055,5.455000000000007,6.115000000000004
610015,2017,6.257500000000006,5.710000000000005,6.805000000000007
610020,2017,6.430000000000007,6.505000000000007,6.355000000000007
610021,2017,1.5025000000000035,1.3,1.7050000000000067
610310,2017,5.530000000000003,5.4700000000000015,5.590000000000003
610050,2017,5.672500000000005,5.515000000000003,5.830000000000007
610090,2017,7.427500000000004,7.4050000000000065,7.45
610040,2017,6.902500000000003,6.985000000000005,6.820000000000002
610022,2017,6.670000000000002,6.490000000000004,6.85
610065,2017,6.655000000000003,6.370000000000002,6.940000000000003
4180305,2017,6.8125,6.7,6.925
630010,2017,5.740000000000004,5.515000000000003,5.965000000000003
640050,2017,5.395000000000001,5.740000000000004,5.05
640305,2017,5.305000000000002,5.875,4.735000000000005
4380505,2017,3.2425000000000024,3.625,2.860000000000005
650505,2017,8.057500000000006,8.54500000000001,7.570000000000002
650005,2017,7.690000000000003,8.005000000000006,7.375
35030205,2017,5.432500000000001,5.770000000000001,5.0950000000000015
4360305,2017,7.067500000000003,7.360000000000005,6.775
4260205,2017,7.772500000000005,7.6600000000000055,7.885000000000005
4400205,2017,7.675000000000004,7.645000000000001,7.705000000000007
4310205,2017,7.795000000000005,7.855000000000007,7.735000000000005
670005,2017,9.197500000000005,9.4,8.99500000000001
670305,2017,8.965000000000003,9.1,8.830000000000007
670020,2017,8.890000000000004,8.8,8.980000000000008
670030,2017,9.504999999999999,9.925,9.084999999999997
4390050,2017,5.050000000000004,5.335000000000005,4.765000000000003
680005,2017,7.990000000000003,8.005000000000006,7.975
710015,2017,7.037500000000004,7.015000000000003,7.060000000000005
710010,2017,6.137500000000005,6.040000000000004,6.235000000000005
710305,2017,5.852500000000004,6.115000000000004,5.590000000000003
710032,2017,7.195000000000002,7.195000000000002,7.195000000000002
710030,2017,6.460000000000004,6.565000000000003,6.355000000000007
710045,2017,6.602500000000003,6.520000000000001,6.685000000000005
720050,2017,6.460000000000001,6.145000000000001,6.775
720030,2017,5.725000000000004,5.815000000000003,5.635000000000005
720040,2017,6.587500000000004,6.265000000000003,6.9100000000000055
720015,2017,6.947500000000001,7.0,6.895000000000001
730010,2017,5.935000000000005,6.010000000000005,5.860000000000005
730305,2017,6.7225000000000055,6.505000000000007,6.940000000000003
730025,2017,7.442500000000003,7.225,7.6600000000000055
730030,2017,7.105000000000007,7.0300000000000065,7.180000000000007
730045,2017,6.520000000000001,6.715000000000003,6.325
740015,2017,6.002500000000003,6.25,5.755000000000007
6450505,2017,6.002500000000003,6.445000000000002,5.560000000000005
6450005,2017,4.892500000000003,4.75,5.0350000000000055
6450015,2017,4.360000000000001,4.0,4.7200000000000015
6450305,2017,5.942500000000003,6.070000000000002,5.815000000000003
6450050,2017,5.830000000000003,6.025,5.635000000000005
6450025,2017,5.897500000000001,5.545000000000002,6.25
6500005,2017,6.662500000000004,6.610000000000005,6.715000000000003
6500305,2017,6.475000000000005,6.580000000000007,6.370000000000002
6500310,2017,6.737500000000004,6.895000000000001,6.580000000000007
6500010,2017,6.857500000000002,6.790000000000004,6.925
770015,2017,7.180000000000003,7.6600000000000055,6.7
770305,2017,5.920000000000002,5.95,5.890000000000003
780005,2017,8.335,8.095000000000002,8.575
6550405,2017,9.347500000000005,9.430000000000007,9.265000000000004
790035,2017,6.647500000000005,6.415000000000004,6.880000000000007
790045,2017,6.092500000000003,6.1,6.085000000000005
790030,2017,6.587500000000004,6.5350000000000055,6.640000000000003
790020,2017,6.370000000000006,6.5350000000000055,6.205000000000007
790410,2017,6.820000000000002,7.165000000000004,6.475
4070405,2017,3.895000000000006,4.555000000000007,3.235000000000005
6580310,2017,7.000000000000004,7.165000000000004,6.835000000000005
6580005,2017,6.745000000000006,6.9100000000000055,6.580000000000007
6580305,2017,6.542500000000002,6.490000000000004,6.5950000000000015
6580030,2017,7.195000000000006,7.060000000000005,7.330000000000007
820004,2017,7.817500000000003,7.75,7.885000000000005
820305,2017,7.232500000000002,7.090000000000003,7.375
830505,2017,6.962500000000004,6.820000000000002,7.105000000000007
830010,2017,6.745000000000002,6.715000000000003,6.775
870305,2017,7.082500000000007,7.2850000000000055,6.880000000000007
870010,2017,7.0600000000000005,7.120000000000002,7.0
870015,2017,7.0975,7.225,6.9700000000000015
850005,2017,7.8550000000000075,8.080000000000007,7.630000000000007
860005,2017,5.222500000000001,4.795000000000002,5.65
860010,2017,6.430000000000003,6.325,6.5350000000000055
860020,2017,6.302500000000004,5.9050000000000065,6.7
860305,2017,5.327500000000003,5.230000000000007,5.425
880405,2017,7.772500000000001,7.495000000000002,8.05
880025,2017,7.322500000000005,7.255000000000007,7.390000000000003
890005,2017,6.535,6.9700000000000015,6.1
910030,2017,5.462500000000004,5.830000000000007,5.0950000000000015
930030,2017,1.9975000000000052,2.0650000000000035,1.9300000000000068
930028,2017,5.582500000000001,5.515000000000003,5.65
930038,2017,5.522500000000005,5.590000000000003,5.455000000000007
930018,2017,5.560000000000005,5.605000000000007,5.515000000000003
930058,2017,4.8475000000000055,5.110000000000005,4.585000000000005
930010,2017,6.842500000000003,6.715000000000003,6.9700000000000015
930015,2017,6.460000000000004,6.2800000000000065,6.640000000000003
4100205,2017,6.977500000000003,7.0300000000000065,6.925
940010,2017,6.092500000000003,6.4,5.7850000000000055
940305,2017,6.647500000000001,6.5950000000000015,6.7
940030,2017,6.985000000000005,7.360000000000005,6.610000000000005
950009,2017,6.130000000000003,5.740000000000004,6.520000000000001
950017,2017,4.105000000000002,4.615000000000004,3.5950000000000015
950140,2017,6.3475000000000055,6.115000000000004,6.580000000000007
950045,2017,4.637499999999999,4.675,4.6
950013,2017,4.975000000000004,5.020000000000001,4.930000000000007
950011,2017,3.8575000000000017,4.015000000000003,3.7
950320,2017,6.017500000000002,5.890000000000003,6.145000000000001
950315,2017,5.590000000000003,5.7850000000000055,5.395000000000001
950005,2017,8.080000000000007,7.930000000000007,8.230000000000008
950335,2017,1.0,0.55,1.45
950145,2017,4.442500000000003,4.840000000000003,4.045000000000002
950130,2017,7.300000000000001,7.075,7.525
950340,2017,1.5700000000000016,1.15,1.9900000000000033
950305,2017,4.240000000000004,4.360000000000005,4.120000000000002
950065,2017,5.2225,4.975,5.4700000000000015
960005,2017,6.7225000000000055,7.180000000000007,6.265000000000003
960405,2017,7.022500000000001,7.0,7.045000000000002
960305,2017,7.5325000000000015,8.065000000000003,7.0
960020,2017,6.370000000000002,6.490000000000004,6.25
960030,2017,7.637500000000005,7.6600000000000055,7.615000000000004
960015,2017,6.287500000000004,6.715000000000003,5.860000000000005
6620020,2017,6.235000000000001,6.145000000000001,6.325
970315,2017,4.727500000000003,5.0950000000000015,4.360000000000005
970016,2017,7.442500000000003,7.375,7.510000000000005
970340,2017,4.667500000000002,4.585000000000005,4.75
970048,2017,4.9375,5.05,4.825
970043,2017,5.199999999999999,5.05,5.35
970060,2017,5.552500000000004,5.65,5.455000000000007
980005,2017,5.882500000000002,5.815000000000003,5.95
4130505,2017,6.992500000000002,7.135000000000005,6.85
990050,2017,6.505000000000007,6.205000000000007,6.805000000000007
990405,2017,6.872500000000005,6.235000000000005,7.510000000000005
990015,2017,7.2850000000000055,7.015000000000003,7.555000000000007
990020,2017,6.985000000000005,6.9100000000000055,7.060000000000005
4460550,2017,6.280000000000003,6.565000000000003,5.995000000000002
1000035,2017,4.840000000000003,5.020000000000001,4.6600000000000055
1000006,2017,5.012500000000005,4.930000000000007,5.0950000000000015
1000302,2017,5.297500000000005,5.230000000000007,5.365000000000004
1000007,2017,7.037500000000005,7.255000000000007,6.820000000000002
1000305,2017,4.900000000000004,4.960000000000005,4.840000000000003
1000015,2017,7.375000000000004,7.570000000000002,7.180000000000007
1000045,2017,5.260000000000002,5.275,5.245000000000002
1000050,2017,5.027500000000003,5.0950000000000015,4.960000000000005
1000039,2017,5.732500000000006,5.680000000000007,5.7850000000000055
1000310,2017,6.317500000000003,6.190000000000003,6.445000000000002
1000055,2017,4.075000000000005,4.165000000000004,3.985000000000005
4780505,2017,7.255000000000003,7.315000000000003,7.195000000000002
1010040,2017,7.720000000000006,7.705000000000007,7.735000000000005
1010035,2017,7.495000000000002,7.990000000000004,7.0
1010012,2017,8.065000000000003,8.065000000000003,8.065000000000003
1010405,2017,7.577500000000004,7.630000000000007,7.525
1010013,2017,8.709999999999997,8.784999999999997,8.634999999999996
1010010,2017,7.870000000000006,7.510000000000005,8.230000000000008
1010030,2017,7.502500000000003,7.6,7.4050000000000065
1010032,2017,7.555000000000002,7.3,7.810000000000005
1010310,2017,7.322500000000002,7.075,7.570000000000002
6650002,2017,7.3,7.3,7.3
6650001,2017,7.810000000000006,7.210000000000005,8.410000000000005
6650305,2017,7.165000000000003,7.225,7.105000000000007
6650015,2017,6.580000000000007,6.205000000000007,6.955000000000007
6700505,2017,6.640000000000004,6.5350000000000055,6.745000000000002
1030001,2017,4.510000000000005,4.930000000000007,4.090000000000003
1030505,2017,5.0875,5.425,4.75
1030405,2017,4.405000000000003,4.390000000000003,4.420000000000002
6720059,2017,6.16,6.475,5.8450000000000015
6720405,2017,5.470000000000006,5.5300000000000065,5.4100000000000055
6720143,2017,6.520000000000001,6.745000000000002,6.295000000000002
1050305,2017,7.262500000000005,7.270000000000001,7.255000000000007
1050010,2017,7.202500000000004,7.540000000000004,6.865000000000004
6740005,2017,6.070000000000002,6.415000000000004,5.725
6740310,2017,5.470000000000006,5.710000000000005,5.230000000000007
6740050,2017,4.6600000000000055,5.380000000000007,3.9400000000000035
4960305,2017,5.7475000000000005,5.695000000000002,5.8
1070010,2017,6.235000000000005,6.580000000000007,5.890000000000003
1070020,2017,6.752500000000003,7.195000000000002,6.310000000000005
1070042,2017,7.075000000000005,7.2850000000000055,6.865000000000004
1070305,2017,5.927500000000004,5.8,6.055000000000007
1070045,2017,5.432500000000002,5.695000000000002,5.170000000000002
1070050,2017,6.8125,6.775,6.85
1100305,2017,7.495000000000006,7.180000000000007,7.810000000000005
1100200,2017,7.487500000000004,7.495000000000002,7.480000000000007
1100030,2017,7.6225000000000005,7.645000000000001,7.6
1110004,2017,6.257500000000006,6.205000000000007,6.310000000000005
1110505,2017,5.890000000000004,5.95,5.830000000000007
1110010,2017,5.965000000000003,6.085000000000005,5.8450000000000015
1140025,2017,5.627500000000003,5.755000000000007,5.5
1140010,2017,5.815000000000003,5.995000000000002,5.635000000000005
1140505,2017,4.885000000000005,4.915000000000004,4.855000000000007
1140305,2017,5.627500000000003,5.770000000000001,5.485000000000005
1140035,2017,5.252500000000003,6.025,4.480000000000007
39010900,2017,4.502500000000003,4.960000000000005,4.045000000000002
6730010,2017,7.405000000000003,7.585000000000005,7.225
6730305,2017,7.727500000000004,7.420000000000002,8.035000000000005
6730005,2017,8.402500000000003,7.975,8.830000000000007
1170015,2017,6.670000000000002,6.790000000000004,6.55
1170505,2017,6.842500000000003,7.3,6.385000000000005
1180005,2017,7.195000000000002,6.895000000000001,7.495000000000002
6750007,2017,7.4725000000000055,7.360000000000005,7.585000000000005
6750010,2017,7.7200000000000015,7.7200000000000015,7.7200000000000015
6750310,2017,7.667500000000002,7.960000000000005,7.375
6750015,2017,8.117500000000003,8.035000000000005,8.2
4990305,2017,6.992500000000007,6.6550000000000065,7.330000000000007
6800005,2017,6.955000000000007,6.6550000000000065,7.255000000000007
6800030,2017,7.352500000000004,7.570000000000002,7.135000000000005
6800050,2017,7.120000000000006,7.510000000000005,6.730000000000007
6800305,2017,6.137500000000005,6.205000000000007,6.070000000000002
6800310,2017,7.615000000000003,8.005000000000006,7.225
6830505,2017,6.700000000000005,6.670000000000002,6.730000000000007
1210005,2017,7.1875000000000036,7.690000000000003,6.685000000000005
1220004,2017,7.322500000000002,7.570000000000002,7.075
1220305,2017,7.4725000000000055,7.585000000000005,7.360000000000005
1220015,2017,6.947500000000005,7.255000000000007,6.640000000000003
1250505,2017,8.372500000000006,8.335000000000004,8.410000000000005
1250005,2017,8.177500000000004,8.275,8.080000000000007
1270005,2017,6.100000000000005,6.445000000000002,5.755000000000007
1270505,2017,6.152500000000003,5.995000000000002,6.310000000000005
1280008,2017,6.692500000000003,6.565000000000003,6.820000000000002
1280035,2017,5.957500000000001,5.665000000000004,6.25
1280100,2017,5.470000000000006,5.5300000000000065,5.4100000000000055
1280050,2017,5.852500000000004,5.455000000000007,6.25
1280026,2017,5.320000000000002,5.440000000000003,5.2
1280033,2017,1.6450000000000018,,1.6450000000000018
1280085,2017,5.620000000000001,5.890000000000003,5.35
1280054,2017,5.312500000000004,5.620000000000002,5.005000000000007
1280073,2017,1.075,1.825,0.32499999999999996
1280075,2017,4.900000000000004,5.215000000000003,4.585000000000005
6850005,2017,5.882500000000006,6.085000000000005,5.680000000000007
4190305,2017,5.080000000000003,5.665000000000004,4.495000000000002
4550050,2017,5.35,5.875,4.825
4500105,2017,6.857500000000006,6.955000000000007,6.760000000000005
1310005,2017,8.627500000000005,8.65,8.605000000000008
1310410,2017,8.080000000000007,8.230000000000008,7.930000000000007
1310019,2017,8.185,8.170000000000002,8.2
1310020,2017,8.695000000000011,8.695000000000011,8.695000000000011
1310010,2017,8.627500000000003,8.440000000000003,8.815000000000003
1330505,2017,6.850000000000004,6.715000000000003,6.985000000000005
1330018,2017,7.435000000000005,7.555000000000007,7.315000000000003
1330025,2017,6.332500000000001,6.040000000000004,6.625
1350005,2017,6.977500000000004,6.880000000000007,7.075
1360007,2017,7.337500000000004,7.480000000000007,7.195000000000002
1360305,2017,8.312500000000004,8.320000000000002,8.305000000000007
1370045,2017,2.5525000000000038,2.725,2.380000000000007
1370070,2017,2.9200000000000017,3.2950000000000017,2.5450000000000017
1370040,2017,2.395000000000002,2.395000000000002,2.395000000000002
1370055,2017,4.907500000000002,4.990000000000004,4.825
1370015,2017,4.015000000000004,4.615000000000004,3.4150000000000036
1370060,2017,3.085000000000001,3.55,2.620000000000002
1370025,2017,3.572500000000005,3.805000000000007,3.3400000000000034
1370030,2017,2.5150000000000032,2.7100000000000053,2.3200000000000016
4530005,2017,4.765000000000003,4.810000000000005,4.7200000000000015
1380505,2017,7.840000000000003,7.930000000000007,7.75
1380010,2017,8.087500000000004,8.395000000000001,7.7800000000000065
1390010,2017,9.490000000000004,9.459999999999997,9.52000000000001
1390015,2017,8.350000000000005,8.290000000000003,8.410000000000005
1390305,2017,9.017500000000005,8.905000000000006,9.130000000000006
1410030,2017,6.092500000000003,5.8450000000000015,6.340000000000003
1410410,2017,6.662500000000005,6.820000000000002,6.505000000000007
1410015,2017,7.262500000000005,6.9100000000000055,7.615000000000004
1410505,2017,6.872500000000006,6.955000000000007,6.790000000000004
1410007,2017,7.112500000000004,6.565000000000003,7.6600000000000055
1420015,2017,7.375000000000004,7.540000000000004,7.210000000000005
1420305,2017,7.120000000000001,7.390000000000003,6.85
4350305,2017,6.745000000000006,6.685000000000005,6.805000000000007
1440305,2017,7.870000000000002,8.095000000000002,7.645000000000001
1440007,2017,6.887500000000005,6.730000000000007,7.045000000000002
1440015,2017,7.315000000000003,7.330000000000007,7.3
4630205,2017,4.907500000000006,4.960000000000005,4.855000000000007
4290010,2017,6.430000000000007,6.205000000000007,6.6550000000000065
6900510,2017,7.690000000000003,7.960000000000005,7.420000000000002
1450020,2017,6.842500000000003,6.670000000000002,7.015000000000003
1480005,2017,6.865000000000004,7.225,6.505000000000007
1490015,2017,5.110000000000005,5.005000000000007,5.215000000000003
1490017,2017,3.9775000000000036,3.745000000000002,4.210000000000005
1490009,2017,5.297500000000001,4.45,6.145000000000001
1490053,2017,4.427500000000004,4.120000000000002,4.735000000000005
1490080,2017,5.560000000000005,5.305000000000007,5.815000000000003
1490040,2017,4.885000000000005,4.6600000000000055,5.110000000000005
1490525,2017,6.017500000000003,5.575,6.460000000000005
1490022,2017,5.665000000000004,5.545000000000002,5.7850000000000055
1490025,2017,5.080000000000003,4.825,5.335000000000005
1490075,2017,5.380000000000003,4.810000000000005,5.95
1490048,2017,4.405000000000003,4.120000000000002,4.690000000000003
1490027,2017,5.492500000000003,5.320000000000002,5.665000000000004
1490018,2017,5.417500000000002,5.170000000000002,5.665000000000004
1490537,2017,2.0650000000000035,2.110000000000005,2.020000000000002
1490004,2017,5.492500000000002,5.05,5.935000000000005
1490085,2017,5.357500000000002,4.915000000000004,5.8
1490090,2017,5.005000000000003,4.735000000000005,5.275
1490049,2017,4.592500000000003,4.585000000000005,4.6
4540205,2017,7.75,7.75,7.75
1500025,2017,6.385000000000005,6.2800000000000065,6.490000000000004
1500505,2017,7.232500000000006,7.885000000000005,6.580000000000007
1510005,2017,5.440000000000003,5.560000000000005,5.320000000000002
1510015,2017,5.477500000000004,5.545000000000002,5.4100000000000055
1520505,2017,7.6225000000000005,7.9,7.3450000000000015
1520015,2017,8.132500000000002,7.765000000000003,8.5
1530007,2017,6.992500000000002,6.565000000000003,7.420000000000002
1530010,2017,6.392500000000007,6.205000000000007,6.580000000000007
1530025,2017,6.730000000000002,6.490000000000004,6.9700000000000015
1530030,2017,5.440000000000003,5.290000000000004,5.590000000000003
1530045,2017,6.242500000000002,6.295000000000002,6.190000000000003
1530320,2017,6.100000000000004,5.920000000000002,6.2800000000000065
1540005,2017,6.430000000000003,5.995000000000002,6.865000000000004
1550008,2017,8.627500000000003,8.62000000000001,8.634999999999996
1550006,2017,8.784999999999997,8.709999999999997,8.859999999999996
1550015,2017,8.725000000000009,8.695000000000011,8.755000000000006
1550030,2017,8.372500000000006,7.915000000000004,8.830000000000007
1550305,2017,9.722500000000005,9.205000000000007,10.240000000000004
1550010,2017,8.372500000000006,8.290000000000003,8.455000000000007
1550035,2017,9.167500000000008,9.070000000000011,9.265000000000004
1550310,2017,10.0,9.684999999999997,10.315000000000003
1570305,2017,6.925000000000004,7.195000000000002,6.6550000000000065
1570006,2017,6.587500000000004,6.265000000000003,6.9100000000000055
1570025,2017,8.155000000000006,7.855000000000007,8.455000000000007
1580305,2017,8.102500000000003,8.455000000000007,7.75
1580015,2017,7.090000000000003,7.0,7.180000000000007
1590005,2017,8.335,8.275,8.395000000000001
1590010,2017,8.095000000000006,8.035000000000005,8.155000000000006
1590017,2017,7.9450000000000065,8.185000000000006,7.705000000000007
1590305,2017,8.380000000000006,8.140000000000004,8.62000000000001
1590025,2017,7.892500000000002,7.7200000000000015,8.065000000000003
1600020,2017,5.4700000000000015,5.140000000000003,5.8
1600310,2017,5.132500000000002,5.020000000000001,5.245000000000002
1600090,2017,4.367500000000002,4.375,4.360000000000005
1600030,2017,7.180000000000007,7.255000000000007,7.105000000000007
1600080,2017,5.770000000000001,5.620000000000002,5.920000000000002
1600345,2017,5.942500000000003,6.025,5.860000000000005
1600002,2017,6.737500000000004,6.340000000000003,7.135000000000005
1600015,2017,5.042500000000002,5.140000000000003,4.945000000000002
1600330,2017,4.450000000000005,4.180000000000007,4.7200000000000015
1600315,2017,6.520000000000001,6.490000000000004,6.55
1600340,2017,4.720000000000002,4.825,4.615000000000004
1600050,2017,6.452500000000004,6.370000000000002,6.5350000000000055
1600010,2017,4.727500000000004,4.510000000000005,4.945000000000002
1600360,2017,5.012500000000005,4.615000000000004,5.4100000000000055
1600085,2017,1.7800000000000025,2.35,1.210000000000005
1600027,2017,5.927500000000004,5.755000000000007,6.1
1600036,2017,7.277500000000003,7.375,7.180000000000007
1600040,2017,5.995000000000002,6.25,5.740000000000004
1600018,2017,6.820000000000002,6.925,6.715000000000003
1600005,2017,4.930000000000002,4.975,4.885000000000005
1600075,2017,6.6850000000000005,6.445000000000002,6.925
1600055,2017,7.607500000000002,7.675,7.540000000000004
4560050,2017,6.647500000000001,6.445000000000002,6.85
1610020,2017,4.885000000000005,4.930000000000007,4.840000000000003
1610305,2017,5.560000000000006,5.290000000000004,5.830000000000007
1610023,2017,5.507500000000002,5.35,5.665000000000004
1620305,2017,7.315000000000003,7.375,7.255000000000007
1620025,2017,6.182500000000006,5.935000000000005,6.430000000000007
1630016,2017,5.027500000000003,4.990000000000004,5.065000000000003
1630011,2017,7.225000000000004,7.315000000000003,7.135000000000005
1630405,2017,5.5975,5.725,5.4700000000000015
1630020,2017,5.582500000000007,5.710000000000005,5.455000000000007
1630090,2017,7.457500000000001,7.15,7.765000000000003
1630035,2017,4.675000000000004,4.585000000000005,4.765000000000003
1630045,2017,5.890000000000003,5.875,5.9050000000000065
1630095,2017,7.015000000000003,7.315000000000003,6.715000000000003
1630525,2017,2.4475000000000007,3.0700000000000016,1.825
1630055,2017,6.355000000000002,6.340000000000003,6.370000000000002
1630060,2017,4.8475000000000055,4.630000000000007,5.065000000000003
1630030,2017,4.262500000000005,4.315000000000003,4.210000000000005
1630070,2017,5.417500000000002,5.425,5.4100000000000055
1630075,2017,7.900000000000004,8.155000000000006,7.645000000000001
1630420,2017,6.190000000000003,5.815000000000003,6.565000000000003
1630050,2017,4.495000000000006,4.480000000000007,4.510000000000005
1630085,2017,6.767500000000002,6.685000000000005,6.85
1630305,2017,4.8475000000000055,4.885000000000005,4.810000000000005
1630100,2017,5.7475000000000005,5.65,5.8450000000000015
1630005,2017,4.667500000000002,4.6,4.735000000000005
1630080,2017,7.697500000000005,6.6550000000000065,8.740000000000004
1630040,2017,5.267500000000003,4.990000000000004,5.545000000000002
1640010,2017,8.785000000000005,8.65,8.92000000000001
1640405,2017,8.012500000000005,8.035000000000005,7.990000000000004
1640020,2017,9.729999999999999,9.775,9.684999999999997
4690505,2017,5.230000000000002,4.915000000000004,5.545000000000002
1650003,2017,6.370000000000001,6.2200000000000015,6.520000000000001
1650013,2017,6.265000000000004,6.4,6.130000000000007
1650027,2017,5.852500000000003,5.935000000000005,5.770000000000001
1650047,2017,6.512500000000005,6.5350000000000055,6.490000000000004
1650057,2017,5.657500000000006,5.5300000000000065,5.7850000000000055
6980020,2017,7.420000000000002,7.570000000000002,7.270000000000001
6980030,2017,7.952500000000004,8.425,7.480000000000007
6980010,2017,8.477500000000003,8.680000000000007,8.275
1670035,2017,7.457500000000001,7.165000000000004,7.75
1670014,2017,7.15,7.15,7.15
1680020,2017,7.180000000000003,7.585000000000005,6.775
1680010,2017,7.577500000000003,8.2,6.955000000000007
1680005,2017,7.082500000000001,7.375,6.790000000000004
1680300,2017,7.7200000000000015,7.7200000000000015,7.7200000000000015
1680016,2017,7.367500000000007,7.330000000000007,7.4050000000000065
4640305,2017,7.262500000000005,7.315000000000003,7.210000000000005
1690005,2017,7.630000000000003,7.375,7.885000000000005
1700045,2017,5.185000000000005,5.185000000000005,5.185000000000005
1700030,2017,5.822500000000005,5.890000000000003,5.755000000000007
1700008,2017,5.822500000000005,5.9050000000000065,5.740000000000004
1700025,2017,6.017500000000002,5.860000000000005,6.175
1710015,2017,7.757500000000002,7.795000000000002,7.7200000000000015
1710005,2017,7.982500000000002,8.020000000000001,7.945000000000002
1710310,2017,7.892500000000003,7.870000000000002,7.915000000000004
1710020,2017,8.110000000000007,8.035000000000005,8.185000000000006
1710025,2017,7.810000000000006,7.915000000000004,7.705000000000007
1710010,2017,7.885000000000001,8.170000000000002,7.6
4660550,2017,6.025000000000004,6.445000000000002,5.605000000000007
4920005,2017,5.950000000000005,5.4700000000000015,6.430000000000007
7050405,2017,7.892500000000003,7.6,8.185000000000006
1720020,2017,6.955000000000007,6.955000000000007,6.955000000000007
1720035,2017,6.355000000000002,6.235000000000005,6.475
1730005,2017,7.675000000000004,7.870000000000002,7.480000000000007
1730010,2017,8.290000000000003,8.305000000000007,8.275
1740305,2017,5.942500000000003,6.070000000000002,5.815000000000003
1740010,2017,5.965000000000003,6.145000000000001,5.7850000000000055
1740505,2017,5.792500000000002,5.8450000000000015,5.740000000000004
1750005,2017,8.185000000000002,8.095000000000002,8.275
1750007,2017,7.360000000000001,7.645000000000001,7.075
1750305,2017,8.072500000000005,7.840000000000003,8.305000000000007
1760130,2017,6.677500000000004,7.045000000000002,6.310000000000005
1760140,2017,4.832500000000006,5.485000000000005,4.180000000000007
1760068,2017,6.025000000000004,6.415000000000004,5.635000000000005
1760320,2017,5.170000000000002,5.515000000000003,4.825
1760315,2017,6.7225000000000055,6.9100000000000055,6.5350000000000055
1760150,2017,5.927500000000004,6.070000000000002,5.7850000000000055
1770015,2017,7.7800000000000065,7.930000000000007,7.630000000000007
1770305,2017,7.802500000000004,7.705000000000007,7.9
1780017,2017,8.5075,8.2,8.815000000000003
1780025,2017,8.230000000000004,7.945000000000002,8.515000000000004
1780020,2017,7.757500000000006,7.735000000000005,7.7800000000000065
1780305,2017,7.532500000000006,7.7800000000000065,7.2850000000000055
1780035,2017,7.832500000000002,7.615000000000004,8.05
1780050,2017,8.087500000000004,7.960000000000005,8.215000000000003
7100179,2017,7.637500000000005,7.7800000000000065,7.495000000000002
7100001,2017,8.507500000000002,8.8,8.215000000000003
7100015,2017,7.360000000000001,7.420000000000002,7.3
1810050,2017,6.460000000000001,6.370000000000002,6.55
1810060,2017,6.107500000000005,5.9050000000000065,6.310000000000005
1810030,2017,6.827500000000004,6.790000000000004,6.865000000000004
1810055,2017,6.160000000000001,5.995000000000002,6.325
1820008,2017,6.392500000000003,6.25,6.5350000000000055
1820305,2017,6.062500000000004,6.295000000000002,5.830000000000007
1820010,2017,5.845000000000006,5.5300000000000065,6.1600000000000055
1840005,2017,7.997500000000005,7.7800000000000065,8.215000000000003
1850305,2017,6.182500000000002,6.445000000000002,5.920000000000002
1850090,2017,6.130000000000003,6.235000000000005,6.025
1860017,2017,5.942500000000003,6.175,5.710000000000005
1860505,2017,6.032500000000002,6.070000000000002,5.995000000000002
1860025,2017,6.182500000000006,6.1600000000000055,6.205000000000007
1870005,2017,7.480000000000002,7.060000000000005,7.9
1870020,2017,6.880000000000003,6.5350000000000055,7.225
1890410,2017,7.585000000000001,7.3450000000000015,7.825
1890005,2017,8.042500000000004,7.9,8.185000000000006
1890007,2017,7.8475000000000055,7.885000000000005,7.810000000000005
1890010,2017,8.192500000000006,7.915000000000004,8.47000000000001
1890020,2017,7.555000000000002,7.375,7.735000000000005
7170005,2017,6.302500000000004,6.370000000000002,6.235000000000005
7170010,2017,6.182500000000006,6.385000000000005,5.980000000000007
7170505,2017,6.422500000000005,6.2800000000000065,6.565000000000003
7170020,2017,6.460000000000004,6.610000000000005,6.310000000000005
7120001,2017,6.362500000000004,6.955000000000007,5.770000000000001
7120002,2017,6.595000000000006,6.505000000000007,6.685000000000005
7120515,2017,5.957500000000007,5.830000000000007,6.085000000000005
7120315,2017,6.572500000000005,6.760000000000005,6.385000000000005
1910310,2017,6.572500000000005,6.760000000000005,6.385000000000005
1910025,2017,5.582500000000006,5.9050000000000065,5.260000000000005
7150505,2017,8.110000000000001,8.875,7.3450000000000015
4700105,2017,7.577500000000004,7.570000000000002,7.585000000000005
1960010,2017,6.715000000000003,7.0300000000000065,6.4
1970010,2017,5.282500000000006,5.4100000000000055,5.1550000000000065
1970005,2017,5.485000000000001,5.575,5.395000000000001
7200005,2017,5.335000000000001,5.65,5.020000000000001
7200305,2017,6.347500000000001,5.95,6.745000000000002
7200003,2017,5.0350000000000055,5.560000000000005,4.510000000000005
7250020,2017,8.155000000000001,8.110000000000005,8.2
7250025,2017,8.3125,8.275,8.35
7250310,2017,8.297500000000005,7.825,8.77000000000001
7250305,2017,8.485,8.245000000000001,8.725
7250010,2017,7.270000000000006,7.435000000000005,7.105000000000007
1980005,2017,6.977500000000004,7.0,6.955000000000007
1980010,2017,7.262500000000005,7.045000000000002,7.480000000000007
1980305,2017,7.652500000000003,7.435000000000005,7.870000000000002
1980031,2017,7.420000000000002,7.45,7.390000000000003
1980035,2017,7.4350000000000005,7.420000000000002,7.45
1980043,2017,7.967500000000003,8.185000000000006,7.75
1980310,2017,7.592500000000003,7.3450000000000015,7.840000000000003
6600305,2017,7.570000000000006,7.930000000000007,7.210000000000005
1990005,2017,8.282500000000002,8.245000000000001,8.320000000000002
1990410,2017,9.14500000000001,8.99500000000001,9.29500000000001
1990035,2017,7.772500000000005,7.585000000000005,7.960000000000005
1990020,2017,7.705000000000002,7.7200000000000015,7.690000000000003
1990050,2017,7.082500000000006,7.135000000000005,7.0300000000000065
1990405,2017,9.002500000000005,8.8,9.205000000000007
1990040,2017,8.410000000000004,8.2,8.62000000000001
4440205,2017,6.317500000000003,7.045000000000002,5.590000000000003
2010095,2017,4.780000000000003,5.05,4.510000000000005
2010063,2017,5.215000000000003,4.945000000000002,5.485000000000005
2010140,2017,6.505000000000006,6.6550000000000065,6.355000000000007
2010105,2017,4.900000000000004,4.6600000000000055,5.140000000000003
2010123,2017,6.197500000000005,5.965000000000003,6.430000000000007
2010010,2017,5.815000000000003,5.620000000000002,6.010000000000005
2010015,2017,6.257500000000006,5.830000000000007,6.685000000000005
2010075,2017,4.885000000000005,4.510000000000005,5.260000000000005
2010020,2017,5.612500000000004,5.305000000000007,5.920000000000002
2010078,2017,4.397500000000001,4.15,4.645000000000001
2010070,2017,5.095000000000002,5.245000000000002,4.945000000000002
2010040,2017,6.497500000000006,6.1600000000000055,6.835000000000005
2010130,2017,6.070000000000002,6.2200000000000015,5.920000000000002
2010115,2017,3.9550000000000027,4.075,3.8350000000000053
2010050,2017,5.342500000000003,5.245000000000002,5.440000000000003
2010405,2017,4.577500000000003,4.510000000000005,4.645000000000001
2010410,2017,4.420000000000002,4.495000000000002,4.3450000000000015
2010124,2017,5.005000000000003,4.945000000000002,5.065000000000003
2010415,2017,4.427500000000004,4.465000000000003,4.390000000000003
2010045,2017,6.047500000000005,5.9050000000000065,6.190000000000003
2010125,2017,6.670000000000006,5.830000000000007,7.510000000000005
2010510,2017,1.0750000000000042,0.05500000000000682,2.0950000000000015
2010135,2017,7.1575000000000015,6.940000000000003,7.375
35130305,2017,4.5325000000000015,4.690000000000003,4.375
7280015,2017,5.6875000000000036,5.560000000000005,5.815000000000003
2040030,2017,6.775,6.7,6.85
2040005,2017,7.037500000000005,6.790000000000004,7.2850000000000055
2040305,2017,7.397500000000001,7.495000000000002,7.3
2070005,2017,7.705000000000003,7.945000000000002,7.465000000000003
2070305,2017,8.095000000000006,7.810000000000005,8.380000000000006
2070015,2017,7.622500000000006,7.630000000000007,7.615000000000004
2070020,2017,7.847500000000001,7.645000000000001,8.05
2070025,2017,7.645000000000007,7.630000000000007,7.6600000000000055
2070310,2017,8.305000000000007,8.155000000000006,8.455000000000007
2070040,2017,8.222500000000005,7.9,8.54500000000001
2070315,2017,8.357500000000005,8.170000000000002,8.54500000000001
2070055,2017,7.697500000000005,7.630000000000007,7.765000000000003
2070075,2017,7.007500000000006,7.135000000000005,6.880000000000007
2070120,2017,8.507500000000002,8.305000000000007,8.709999999999997
2070070,2017,6.692500000000003,6.520000000000001,6.865000000000004
2070080,2017,9.055000000000007,9.070000000000011,9.040000000000003
2070105,2017,8.222500000000005,7.705000000000007,8.740000000000004
2070320,2017,8.6125,8.484999999999996,8.740000000000004
2070100,2017,8.552500000000002,8.815000000000003,8.290000000000003
2070115,2017,7.142500000000002,6.85,7.435000000000005
2070125,2017,7.240000000000004,7.270000000000001,7.210000000000005
2070130,2017,7.772500000000005,7.885000000000005,7.6600000000000055
2080005,2017,7.825000000000005,7.480000000000007,8.170000000000002
2090035,2017,5.635000000000005,5.665000000000004,5.605000000000007
2090008,2017,4.997500000000005,5.1550000000000065,4.840000000000003
2090505,2017,4.450000000000005,4.465000000000003,4.435000000000005
2090015,2017,5.635000000000005,5.440000000000003,5.830000000000007
2110018,2017,6.835000000000005,6.9100000000000055,6.760000000000005
2110001,2017,6.902500000000003,7.060000000000005,6.745000000000002
2110010,2017,8.335000000000004,8.260000000000005,8.410000000000005
2110015,2017,8.170000000000002,7.825,8.515000000000004
2110305,2017,7.832500000000001,7.690000000000003,7.975
2110020,2017,6.760000000000001,6.85,6.670000000000002
2120007,2017,7.487500000000004,7.435000000000005,7.540000000000004
2120030,2017,5.665000000000003,5.8,5.5300000000000065
2120010,2017,7.885000000000001,7.570000000000002,8.2
2120013,2017,7.382500000000002,7.495000000000002,7.270000000000001
2120305,2017,7.472500000000001,7.525,7.420000000000002
2120015,2017,7.735000000000005,7.930000000000007,7.540000000000004
2150015,2017,5.177500000000004,5.290000000000004,5.065000000000003
2150505,2017,5.215000000000003,5.140000000000003,5.290000000000004
7350010,2017,6.617500000000002,6.475,6.760000000000005
7350030,2017,6.842500000000003,6.9100000000000055,6.775
7350310,2017,7.480000000000002,7.435000000000005,7.525
7350005,2017,7.045000000000002,6.940000000000003,7.15
7350035,2017,6.917500000000002,6.9100000000000055,6.925
2170003,2017,7.352500000000003,7.015000000000003,7.690000000000003
2170010,2017,7.525000000000004,7.570000000000002,7.480000000000007
2170005,2017,7.922500000000005,8.290000000000003,7.555000000000007
2170305,2017,7.405000000000003,7.165000000000004,7.645000000000001
2100005,2017,5.297500000000001,5.4700000000000015,5.125
2100020,2017,6.317500000000003,6.5950000000000015,6.040000000000004
2100410,2017,6.580000000000003,6.835000000000005,6.325
2100025,2017,6.430000000000002,6.685000000000005,6.175
2100029,2017,6.572500000000002,6.745000000000002,6.4
2130015,2017,7.742500000000002,7.360000000000005,8.125
2130003,2017,7.322500000000005,7.360000000000005,7.2850000000000055
2130014,2017,8.020000000000001,7.975,8.065000000000003
2130020,2017,7.270000000000001,7.540000000000004,7.0
2130305,2017,7.570000000000002,7.270000000000001,7.870000000000002
2140305,2017,6.205000000000002,6.235000000000005,6.175
2140001,2017,5.620000000000006,5.710000000000005,5.5300000000000065
2180060,2017,6.580000000000007,6.880000000000007,6.2800000000000065
2180015,2017,6.692500000000003,7.0,6.385000000000005
2180010,2017,7.247500000000006,7.585000000000005,6.9100000000000055
2180305,2017,6.812500000000004,6.835000000000005,6.790000000000004
2190005,2017,7.202500000000004,7.45,6.955000000000007
2190405,2017,8.005000000000003,8.275,7.735000000000005
2190020,2017,6.925000000000004,7.4050000000000065,6.445000000000002
2200005,2017,6.175000000000004,6.190000000000003,6.1600000000000055
2200025,2017,8.087500000000004,7.840000000000003,8.335000000000004
2200010,2017,6.917500000000002,6.565000000000003,7.270000000000001
2200305,2017,6.505000000000003,6.625,6.385000000000005
2200015,2017,7.195000000000006,7.135000000000005,7.255000000000007
2200020,2017,7.007500000000002,6.565000000000003,7.45
2210005,2017,6.677500000000004,7.060000000000005,6.295000000000002
7400405,2017,7.570000000000002,7.645000000000001,7.495000000000002
2230010,2017,4.510000000000005,4.765000000000003,4.255000000000007
2240005,2017,7.840000000000003,8.170000000000002,7.510000000000005
2260005,2017,6.250000000000004,6.5350000000000055,5.965000000000003
2260505,2017,6.235000000000005,6.835000000000005,5.635000000000005
2260405,2017,6.520000000000006,6.610000000000005,6.430000000000007
2270305,2017,6.295000000000002,6.490000000000004,6.1
2270008,2017,6.047500000000005,6.460000000000005,5.635000000000005
2270505,2017,5.027500000000003,4.930000000000007,5.125
2290005,2017,5.492500000000002,5.935000000000005,5.05
2290015,2017,6.640000000000003,6.925,6.355000000000007
2290305,2017,6.317500000000003,6.55,6.085000000000005
2290007,2017,7.0300000000000065,6.955000000000007,7.105000000000007
2290016,2017,7.4350000000000005,7.270000000000001,7.6
2290035,2017,6.490000000000004,6.685000000000005,6.295000000000002
2290010,2017,6.077500000000003,6.2200000000000015,5.935000000000005
2290045,2017,7.037500000000005,6.745000000000002,7.330000000000007
2290027,2017,5.507500000000006,5.935000000000005,5.080000000000007
2300005,2017,7.532500000000006,7.180000000000007,7.885000000000005
2310003,2017,6.400000000000004,6.145000000000001,6.6550000000000065
2310010,2017,7.337500000000004,7.270000000000001,7.4050000000000065
2310015,2017,7.180000000000002,6.895000000000001,7.465000000000003
2310305,2017,6.850000000000004,6.805000000000007,6.895000000000001
7450015,2017,6.587500000000004,6.715000000000003,6.460000000000005
7450005,2017,5.800000000000001,6.025,5.575
7450010,2017,5.65,5.5,5.8
7450405,2017,6.362500000000004,6.685000000000005,6.040000000000004
2340005,2017,5.462500000000004,6.715000000000003,4.210000000000005
4940205,2017,7.045000000000002,7.15,6.940000000000003
35060505,2017,7.382500000000006,6.6550000000000065,8.110000000000005
7500006,2017,6.302500000000004,6.5950000000000015,6.010000000000005
7500008,2017,6.3475000000000055,6.565000000000003,6.130000000000007
7500007,2017,6.715000000000003,6.4,7.0300000000000065
7500505,2017,6.715000000000003,6.370000000000002,7.060000000000005
7500009,2017,7.270000000000006,6.730000000000007,7.810000000000005
4970205,2017,8.380000000000003,8.440000000000003,8.320000000000002
4790505,2017,7.5325000000000015,7.975,7.090000000000003
2360010,2017,5.762500000000005,6.040000000000004,5.485000000000005
2360065,2017,5.057500000000006,5.185000000000005,4.930000000000007
2360035,2017,6.542500000000002,6.310000000000005,6.775
2360305,2017,4.997500000000005,4.765000000000003,5.230000000000007
2360055,2017,4.495000000000002,4.870000000000002,4.120000000000002
2360045,2017,6.745000000000001,6.85,6.640000000000003
2360105,2017,5.020000000000006,5.185000000000005,4.855000000000007
2360090,2017,6.242500000000002,6.1,6.385000000000005
2360310,2017,4.990000000000004,4.735000000000005,5.245000000000002
2360100,2017,7.742500000000002,7.045000000000002,8.440000000000003
2380010,2017,6.287500000000004,6.5950000000000015,5.980000000000007
2380005,2017,6.857500000000002,6.9700000000000015,6.745000000000002
2390005,2017,5.590000000000003,5.8,5.380000000000007
2390011,2017,5.867500000000002,6.235000000000005,5.5
2390010,2017,5.807500000000006,5.935000000000005,5.680000000000007
2390012,2017,7.135000000000005,7.165000000000004,7.105000000000007
2390015,2017,7.780000000000003,8.05,7.510000000000005
2390030,2017,6.445000000000002,6.4,6.490000000000004
2390405,2017,6.047500000000005,6.010000000000005,6.085000000000005
2390305,2017,6.265000000000003,6.295000000000002,6.235000000000005
2390046,2017,6.4,6.55,6.25
2390047,2017,6.482500000000005,6.730000000000007,6.235000000000005
2400010,2017,7.45,7.45,7.45
4870550,2017,5.695000000000002,5.815000000000003,5.575
2420020,2017,6.542500000000002,6.295000000000002,6.790000000000004
7530005,2017,6.490000000000004,5.995000000000002,6.985000000000005
7530010,2017,6.662500000000004,6.640000000000003,6.685000000000005
7530025,2017,6.932500000000001,7.015000000000003,6.85
7530405,2017,6.310000000000005,6.355000000000007,6.265000000000003
7530030,2017,5.905000000000003,5.5,6.310000000000005
7780305,2017,5.695000000000006,5.830000000000007,5.560000000000005
7780005,2017,6.032500000000006,5.9050000000000065,6.1600000000000055
7780010,2017,7.142500000000002,7.315000000000003,6.9700000000000015
2430040,2017,6.070000000000006,6.205000000000007,5.935000000000005
2430305,2017,7.4350000000000005,7.270000000000001,7.6
2430020,2017,7.952500000000003,8.065000000000003,7.840000000000003
2430310,2017,6.137500000000005,6.415000000000004,5.860000000000005
2430315,2017,8.335000000000004,8.530000000000006,8.140000000000004
2430025,2017,6.797500000000001,6.745000000000002,6.85
2430055,2017,6.715000000000003,7.105000000000007,6.325
2430075,2017,7.0600000000000005,6.925,7.195000000000002
2430035,2017,7.097500000000001,7.195000000000002,7.0
2430060,2017,7.817500000000003,7.825,7.810000000000005
2430065,2017,7.765000000000004,7.495000000000002,8.035000000000005
2430325,2017,6.542500000000007,6.730000000000007,6.355000000000007
2430320,2017,6.272500000000001,6.325,6.2200000000000015
2430090,2017,6.625000000000004,6.670000000000002,6.580000000000007
2430095,2017,7.307500000000002,7.870000000000002,6.745000000000002
2430110,2017,8.140000000000004,8.335000000000004,7.945000000000002
7550505,2017,5.710000000000001,5.8450000000000015,5.575
2440020,2017,6.685000000000005,6.6550000000000065,6.715000000000003
2440018,2017,5.245000000000001,5.065000000000003,5.425
2440015,2017,6.1600000000000055,6.235000000000005,6.085000000000005
2440040,2017,5.957500000000001,5.995000000000002,5.920000000000002
2440410,2017,5.432500000000002,5.665000000000004,5.2
2460002,2017,7.615000000000004,7.6600000000000055,7.570000000000002
2460305,2017,8.2,8.2,8.2
2460005,2017,7.427500000000004,7.420000000000002,7.435000000000005
2460017,2017,6.940000000000003,7.060000000000005,6.820000000000002
2460010,2017,6.850000000000004,6.715000000000003,6.985000000000005
2460310,2017,7.495000000000006,7.585000000000005,7.4050000000000065
2460020,2017,7.727500000000004,7.585000000000005,7.870000000000002
2480003,2017,6.407500000000002,6.4,6.415000000000004
2480025,2017,5.8450000000000015,6.25,5.440000000000003
2480013,2017,7.600000000000005,7.585000000000005,7.615000000000004
2480056,2017,6.325000000000005,6.1600000000000055,6.490000000000004
2480057,2017,5.9350000000000005,5.95,5.920000000000002
2480050,2017,6.925000000000001,7.075,6.775
2480014,2017,6.295000000000002,6.565000000000003,6.025
2480035,2017,6.617500000000007,6.6550000000000065,6.580000000000007
2480305,2017,6.332500000000001,6.370000000000002,6.295000000000002
2490005,2017,7.195000000000006,7.585000000000005,6.805000000000007
4830305,2017,7.165000000000003,6.925,7.4050000000000065
4820050,2017,6.985000000000005,7.480000000000007,6.490000000000004
2500005,2017,6.925000000000004,7.045000000000002,6.805000000000007
2510060,2017,5.357500000000002,5.35,5.365000000000004
2510305,2017,5.852500000000003,5.8450000000000015,5.860000000000005
2510020,2017,5.590000000000003,5.560000000000005,5.620000000000002
2510025,2017,6.482500000000005,5.980000000000007,6.985000000000005
2520005,2017,6.287500000000004,6.670000000000002,5.9050000000000065
2520305,2017,6.962500000000004,7.255000000000007,6.670000000000002
2530005,2017,5.965000000000003,6.010000000000005,5.920000000000002
4840505,2017,5.987500000000004,5.755000000000007,6.2200000000000015
4410505,2017,5.402500000000003,5.695000000000002,5.110000000000005
2580003,2017,5.7175000000000065,5.380000000000007,6.055000000000007
2580015,2017,6.625000000000004,6.790000000000004,6.460000000000005
2580305,2017,5.852500000000004,5.7850000000000055,5.920000000000002
2580030,2017,5.237500000000004,5.545000000000002,4.930000000000007
2580025,2017,3.2874999999999996,3.55,3.025
2580050,2017,6.265000000000003,6.760000000000005,5.770000000000001
2580070,2017,6.272500000000001,6.325,6.2200000000000015
4850485,2017,7.255000000000003,7.315000000000003,7.195000000000002
2610025,2017,6.550000000000004,6.310000000000005,6.790000000000004
2610305,2017,6.947500000000002,7.075,6.820000000000002
2620305,2017,6.137500000000005,5.935000000000005,6.340000000000003
2620067,2017,7.555000000000002,7.7200000000000015,7.390000000000003
2620040,2017,7.120000000000002,7.165000000000004,7.075
2620050,2017,7.202500000000004,7.255000000000007,7.15
2620065,2017,6.430000000000002,6.475,6.385000000000005
2630010,2017,5.365000000000004,5.875,4.855000000000007
2640007,2017,8.125000000000004,8.530000000000006,7.7200000000000015
2640305,2017,7.1575000000000015,7.3450000000000015,6.9700000000000015
2640010,2017,8.425,8.725,8.125
2640015,2017,7.690000000000003,7.7200000000000015,7.6600000000000055
2640020,2017,8.672500000000005,8.77000000000001,8.575
2650405,2017,7.345000000000006,7.705000000000007,6.985000000000005
2650007,2017,7.255000000000006,7.480000000000007,7.0300000000000065
2650015,2017,7.772500000000001,7.945000000000002,7.6
4860105,2017,4.030000000000003,4.360000000000005,3.7
2660005,2017,8.140000000000004,8.005000000000006,8.275
2660010,2017,8.785000000000005,8.230000000000008,9.340000000000003
2660015,2017,9.054999999999998,8.859999999999996,9.25
2660305,2017,8.687500000000004,8.185000000000006,9.190000000000003
2690010,2017,8.46250000000001,8.47000000000001,8.455000000000007
2710015,2017,7.967500000000003,7.9,8.035000000000005
2710020,2017,8.800000000000008,8.77000000000001,8.830000000000007
2710030,2017,7.735000000000001,7.675,7.795000000000002
2710305,2017,8.102500000000003,8.05,8.155000000000006
2710035,2017,9.002500000000003,8.875,9.130000000000006
2710025,2017,8.605000000000002,8.260000000000005,8.95
2720005,2017,6.842500000000003,7.3450000000000015,6.340000000000003
4770010,2017,5.965000000000003,6.130000000000007,5.8
7600405,2017,7.862500000000004,7.870000000000002,7.855000000000007
4740505,2017,5.605000000000002,6.4,4.810000000000005
2730005,2017,5.830000000000002,5.935000000000005,5.725
2730008,2017,5.710000000000005,6.085000000000005,5.335000000000005
2730305,2017,6.820000000000002,6.55,7.090000000000003
2730015,2017,6.535,6.895000000000001,6.175
2740087,2017,6.587500000000004,6.505000000000007,6.670000000000002
2740075,2017,6.272500000000005,6.340000000000003,6.205000000000007
2740015,2017,9.332500000000001,9.625,9.040000000000003
2740111,2017,5.747500000000005,5.680000000000007,5.815000000000003
2740083,2017,7.765000000000003,7.735000000000005,7.795000000000002
2740410,2017,1.4275000000000033,1.3450000000000017,1.5100000000000051
2740115,2017,6.632500000000006,6.685000000000005,6.580000000000007
2740120,2017,5.027500000000003,4.810000000000005,5.245000000000002
2780305,2017,5.822500000000005,5.815000000000003,5.830000000000007
2780020,2017,6.527500000000003,6.205000000000007,6.85
4880550,2017,6.355000000000002,6.745000000000002,5.965000000000003
2750005,2017,6.632500000000002,6.715000000000003,6.55
2760050,2017,9.902500000000003,9.565000000000003,10.240000000000004
2760020,2017,8.71,8.260000000000005,9.159999999999997
2760305,2017,8.642500000000002,8.170000000000002,9.115000000000004
2770005,2017,4.952500000000004,4.9,5.005000000000007
2770315,2017,3.3250000000000046,3.520000000000002,3.130000000000007
2770020,2017,4.270000000000001,4.270000000000001,4.270000000000001
7650505,2017,6.707500000000001,6.745000000000002,6.670000000000002
7650018,2017,6.227500000000004,6.4,6.055000000000007
7650035,2017,5.845000000000002,5.95,5.740000000000004
7660215,2017,6.287500000000005,5.995000000000002,6.580000000000007
7660315,2017,6.242500000000002,6.520000000000001,5.965000000000003
7660505,2017,6.160000000000001,5.95,6.370000000000002
7670008,2017,7.502500000000003,7.6600000000000055,7.3450000000000015
7670415,2017,5.725000000000005,5.755000000000007,5.695000000000002
7670040,2017,5.777500000000003,6.025,5.5300000000000065
2810095,2017,6.797500000000005,6.880000000000007,6.715000000000003
2810175,2017,5.897500000000005,6.490000000000004,5.305000000000007
2810165,2017,5.530000000000003,5.7850000000000055,5.275
2810360,2017,1.5700000000000016,1.0900000000000034,2.05
2810025,2017,3.9025000000000034,4.255000000000007,3.55
2810365,2017,3.055000000000007,3.430000000000007,2.680000000000007
2810367,2017,6.715000000000003,6.865000000000004,6.565000000000003
2810475,2017,3.542500000000002,3.925,3.160000000000005
2810035,2017,5.537500000000004,5.515000000000003,5.560000000000005
2810010,2017,4.4725000000000055,4.540000000000004,4.4050000000000065
2810030,2017,5.1850000000000005,5.170000000000002,5.2
2810325,2017,4.562500000000004,4.615000000000004,4.510000000000005
2810075,2017,4.990000000000004,5.125,4.855000000000007
2810080,2017,6.010000000000005,5.710000000000005,6.310000000000005
2810195,2017,4.765000000000003,4.765000000000003,4.765000000000003
2810065,2017,5.042500000000002,5.140000000000003,4.945000000000002
2810068,2017,4.6600000000000055,4.735000000000005,4.585000000000005
2810050,2017,4.885000000000005,4.7800000000000065,4.990000000000004
2810085,2017,5.410000000000001,5.695000000000002,5.125
2810366,2017,3.820000000000002,4.165000000000004,3.475
2810100,2017,3.8425000000000025,4.225,3.4600000000000053
2810328,2017,3.2275000000000036,3.0700000000000016,3.385000000000005
2810320,2017,4.562500000000004,4.555000000000007,4.570000000000002
2810110,2017,5.192500000000003,5.215000000000003,5.170000000000002
2810115,2017,6.002500000000003,5.875,6.130000000000007
2810120,2017,3.4600000000000053,3.3550000000000066,3.5650000000000035
2810330,2017,4.090000000000003,4.525,3.655000000000007
2810125,2017,5.545000000000002,5.275,5.815000000000003
2810140,2017,4.990000000000004,5.4700000000000015,4.510000000000005
2810155,2017,4.735000000000005,4.735000000000005,4.735000000000005
2810145,2017,5.290000000000004,5.590000000000003,4.990000000000004
2810023,2017,4.645000000000007,4.630000000000007,4.6600000000000055
2810055,2017,5.995000000000002,5.545000000000002,6.445000000000002
2810480,2017,3.2050000000000027,3.4,3.010000000000005
2810350,2017,5.207500000000001,5.245000000000002,5.170000000000002
2810020,2017,5.425000000000004,5.605000000000007,5.245000000000002
2810355,2017,3.6400000000000032,3.5650000000000035,3.7150000000000034
2810005,2017,3.3550000000000026,3.325,3.385000000000005
2810345,2017,1.5325000000000015,1.1200000000000017,1.9450000000000016
2810160,2017,5.552500000000004,5.890000000000003,5.215000000000003
2810205,2017,5.380000000000003,5.8,4.960000000000005
2810015,2017,4.885000000000005,4.735000000000005,5.0350000000000055
2810485,2017,3.5275000000000034,3.8350000000000053,3.2200000000000015
2810180,2017,7.157500000000006,6.730000000000007,7.585000000000005
2810185,2017,5.050000000000004,5.215000000000003,4.885000000000005
2810190,2017,6.557500000000006,6.205000000000007,6.9100000000000055
2810045,2017,5.897500000000001,5.320000000000002,6.475
2840005,2017,6.535000000000001,6.7,6.370000000000002
2840025,2017,6.565000000000003,6.625,6.505000000000007
2840030,2017,6.8125,6.7,6.925
2840405,2017,6.8725000000000005,7.15,6.5950000000000015
2850010,2017,6.4375,6.625,6.25
2850025,2017,6.3100000000000005,6.4,6.2200000000000015
2850014,2017,6.422500000000005,6.640000000000003,6.205000000000007
2850405,2017,6.490000000000004,6.580000000000007,6.4
2850015,2017,7.862500000000004,8.065000000000003,7.6600000000000055
2850020,2017,6.122500000000005,6.235000000000005,6.010000000000005
2870005,2017,7.277500000000003,7.120000000000002,7.435000000000005
2880305,2017,8.155000000000001,8.335000000000004,7.975
2880025,2017,8.327500000000004,8.230000000000008,8.425
2880015,2017,8.117500000000003,7.810000000000005,8.425
2880010,2017,8.515000000000004,8.47000000000001,8.559999999999997
2880030,2017,8.567500000000006,8.455000000000007,8.680000000000007
2890005,2017,6.872500000000006,6.835000000000005,6.9100000000000055
2900005,2017,6.565000000000003,6.85,6.2800000000000065
2900305,2017,7.105000000000002,7.240000000000004,6.9700000000000015
2910005,2017,6.85,6.775,6.925
2910010,2017,7.900000000000004,7.795000000000002,8.005000000000006
2910020,2017,7.900000000000004,8.215000000000003,7.585000000000005
2910305,2017,7.195000000000002,7.270000000000001,7.120000000000002
2920006,2017,6.8725000000000005,7.195000000000002,6.55
2920305,2017,6.227500000000004,6.115000000000004,6.340000000000003
2920020,2017,6.2800000000000065,6.2800000000000065,6.2800000000000065
39020900,2017,4.585000000000001,5.0950000000000015,4.075
7700405,2017,7.037500000000004,6.520000000000001,7.555000000000007
2930315,2017,5.905000000000003,6.490000000000004,5.320000000000002
2930010,2017,7.195000000000006,7.135000000000005,7.255000000000007
2930007,2017,5.882500000000002,5.965000000000003,5.8
2930027,2017,5.012499999999999,5.05,4.975
2930057,2017,6.557500000000006,6.505000000000007,6.610000000000005
2930035,2017,6.400000000000004,6.070000000000002,6.730000000000007
2930305,2017,5.350000000000004,5.545000000000002,5.1550000000000065
2930008,2017,6.692500000000007,6.805000000000007,6.580000000000007
2930042,2017,5.125000000000004,5.545000000000002,4.705000000000007
2930015,2017,5.200000000000005,5.920000000000002,4.480000000000007
2930505,2017,5.095000000000006,4.885000000000005,5.305000000000007
2950023,2017,6.227500000000003,6.355000000000007,6.1
2950305,2017,7.127500000000003,7.525,6.730000000000007
2950025,2017,7.742500000000002,7.975,7.510000000000005
2950020,2017,6.940000000000003,6.865000000000004,7.015000000000003
2960005,2017,8.492500000000003,8.725,8.260000000000005
2980005,2017,7.697500000000005,7.690000000000003,7.705000000000007
2980010,2017,7.847500000000001,7.945000000000002,7.75
7730020,2017,7.232500000000002,7.540000000000004,6.925
7730025,2017,6.302500000000004,6.9100000000000055,5.695000000000002
7730015,2017,6.070000000000002,6.265000000000003,5.875
7730405,2017,6.445000000000006,6.805000000000007,6.085000000000005
3000005,2017,6.2500000000000036,6.9700000000000015,5.5300000000000065
3010020,2017,6.8725000000000005,7.0,6.745000000000002
3010305,2017,6.677500000000004,6.5350000000000055,6.820000000000002
4800405,2017,5.365000000000004,5.275,5.455000000000007
35050405,2017,4.517500000000007,4.555000000000007,4.480000000000007
7740010,2017,7.2625,7.825,6.7
7740020,2017,7.2475000000000005,6.9700000000000015,7.525
3040015,2017,6.880000000000007,6.955000000000007,6.805000000000007
3040020,2017,6.550000000000004,6.520000000000001,6.580000000000007
4980405,2017,6.722500000000001,6.625,6.820000000000002
7750310,2017,7.885000000000005,7.585000000000005,8.185000000000006
7750315,2017,7.9375,8.5,7.375
7750018,2017,7.660000000000001,7.795000000000002,7.525
7750020,2017,8.282500000000002,8.245000000000001,8.320000000000002
7750060,2017,7.427500000000004,7.4050000000000065,7.45
7750027,2017,7.727500000000004,7.615000000000004,7.840000000000003
7750032,2017,7.255000000000003,7.420000000000002,7.090000000000003
7750305,2017,8.087500000000004,8.110000000000005,8.065000000000003
7750040,2017,7.405000000000003,7.45,7.360000000000005
7750045,2017,8.680000000000007,8.830000000000007,8.530000000000006
3050005,2017,6.647500000000005,6.580000000000007,6.715000000000003
3050310,2017,6.5350000000000055,6.385000000000005,6.685000000000005
3050020,2017,7.360000000000001,7.420000000000002,7.3
3050040,2017,7.600000000000004,7.510000000000005,7.690000000000003
3050015,2017,6.587500000000004,6.670000000000002,6.505000000000007
3060005,2017,6.857500000000002,7.090000000000003,6.625
3070305,2017,7.577500000000004,7.630000000000007,7.525
3070010,2017,6.730000000000007,7.0300000000000065,6.430000000000007
3070310,2017,7.607500000000006,7.2850000000000055,7.930000000000007
3070005,2017,7.532500000000006,7.4050000000000065,7.6600000000000055
3070015,2017,8.672499999999996,8.784999999999997,8.559999999999997
3070018,2017,8.200000000000003,8.245000000000001,8.155000000000006
3080032,2017,5.777500000000003,5.755000000000007,5.8
3080065,2017,5.282500000000006,5.260000000000005,5.305000000000007
3080060,2017,6.565000000000003,6.490000000000004,6.640000000000003
3080404,2017,6.430000000000002,6.625,6.235000000000005
3080415,2017,7.052500000000004,7.690000000000003,6.415000000000004
3080040,2017,6.295000000000002,6.415000000000004,6.175
3080050,2017,6.287500000000005,6.1600000000000055,6.415000000000004
3080005,2017,5.4700000000000015,5.770000000000001,5.170000000000002
3090020,2017,4.592500000000003,5.0350000000000055,4.15
3090505,2017,5.057500000000002,4.990000000000004,5.125
3090305,2017,5.380000000000003,5.665000000000004,5.0950000000000015
3100017,2017,4.877500000000003,5.245000000000002,4.510000000000005
3100305,2017,5.387500000000005,5.815000000000003,4.960000000000005
3140015,2017,5.860000000000005,5.740000000000004,5.980000000000007
3140020,2017,5.575000000000005,5.680000000000007,5.4700000000000015
3140025,2017,6.745000000000006,6.805000000000007,6.685000000000005
3140305,2017,6.685000000000005,7.015000000000003,6.355000000000007
3150005,2017,7.855000000000002,7.6,8.110000000000005
3150015,2017,8.05,7.975,8.125
3150020,2017,7.637500000000005,7.195000000000002,8.080000000000007
3150305,2017,9.122500000000006,8.92000000000001,9.325
3160015,2017,3.685000000000005,4.180000000000007,3.1900000000000035
3160315,2017,3.910000000000005,4.105000000000007,3.7150000000000034
3170050,2017,8.597500000000005,8.680000000000007,8.515000000000004
3170025,2017,8.560000000000006,8.62000000000001,8.5
3170020,2017,8.785000000000004,9.040000000000003,8.530000000000006
3170015,2017,7.997500000000005,8.380000000000006,7.615000000000004
3170005,2017,7.990000000000003,8.2,7.7800000000000065
3170045,2017,8.515000000000004,8.755000000000006,8.275
3170048,2017,7.877500000000003,7.960000000000005,7.795000000000002
3170305,2017,8.567500000000006,8.515000000000004,8.62000000000001
3180005,2017,7.360000000000005,7.390000000000003,7.330000000000007
3220005,2017,7.547500000000005,7.615000000000004,7.480000000000007
3220505,2017,7.135000000000001,7.270000000000001,7.0
3230305,2017,7.067500000000007,6.955000000000007,7.180000000000007
3230003,2017,6.745000000000002,7.15,6.340000000000003
3230505,2017,6.325000000000005,6.6550000000000065,5.995000000000002
3320010,2017,7.517500000000003,7.135000000000005,7.9
3320025,2017,5.957500000000001,5.770000000000001,6.145000000000001
3320030,2017,6.835000000000005,6.760000000000005,6.9100000000000055
3320007,2017,5.545000000000002,4.975,6.115000000000004
3320040,2017,7.690000000000003,7.420000000000002,7.960000000000005
3320305,2017,6.047500000000005,5.890000000000003,6.205000000000007
3210010,2017,7.862500000000004,7.570000000000002,8.155000000000006
3210025,2017,7.615000000000004,7.3,7.930000000000007
3210005,2017,7.577500000000003,7.375,7.7800000000000065
3210045,2017,8.320000000000007,8.230000000000008,8.410000000000005
3210305,2017,8.65000000000001,8.455000000000007,8.84500000000001
3250020,2017,5.995000000000002,5.875,6.115000000000004
3250015,2017,6.212500000000004,5.965000000000003,6.460000000000005
3250025,2017,6.227500000000003,5.980000000000007,6.475
3250033,2017,6.797500000000001,6.775,6.820000000000002
3250305,2017,6.850000000000004,6.730000000000007,6.9700000000000015
3250036,2017,6.617500000000002,6.610000000000005,6.625
3250055,2017,6.160000000000001,6.25,6.070000000000002
3250310,2017,5.620000000000001,5.515000000000003,5.725
3250040,2017,6.677500000000004,6.430000000000007,6.925
3260004,2017,8.455000000000002,8.170000000000002,8.740000000000004
3260310,2017,8.545000000000002,7.930000000000007,9.159999999999997
3260007,2017,8.320000000000007,8.035000000000005,8.605000000000008
3260045,2017,8.455000000000005,8.065000000000003,8.84500000000001
3260330,2017,8.605000000000002,8.020000000000001,9.190000000000003
3270005,2017,7.397500000000005,7.135000000000005,7.6600000000000055
3300010,2017,8.515000000000004,8.54500000000001,8.484999999999996
3300012,2017,8.912500000000001,8.8,9.025
3300305,2017,8.402500000000003,8.05,8.755000000000006
3300015,2017,8.950000000000008,9.430000000000007,8.47000000000001
3310030,2017,6.895000000000006,6.6550000000000065,7.135000000000005
3310515,2017,6.460000000000001,6.670000000000002,6.25
3350010,2017,8.979999999999999,9.084999999999997,8.875
3350012,2017,8.41,8.395000000000001,8.425
3350305,2017,8.200000000000005,8.230000000000008,8.170000000000002
3350017,2017,9.092499999999998,9.309999999999997,8.875
3350015,2017,8.575000000000003,9.040000000000003,8.110000000000005
3350025,2017,8.605000000000008,8.530000000000006,8.680000000000007
3360310,2017,5.950000000000005,5.9050000000000065,5.995000000000002
3360005,2017,7.030000000000003,7.3450000000000015,6.715000000000003
3360050,2017,6.220000000000006,6.460000000000005,5.980000000000007
3360065,2017,6.130000000000003,6.565000000000003,5.695000000000002
3360020,2017,5.837500000000004,5.860000000000005,5.815000000000003
3360085,2017,6.760000000000005,7.315000000000003,6.205000000000007
3360060,2017,6.385000000000005,6.955000000000007,5.815000000000003
3360105,2017,8.027500000000003,7.870000000000002,8.185000000000006
3360110,2017,6.497500000000006,6.865000000000004,6.130000000000007
3360080,2017,6.130000000000003,6.565000000000003,5.695000000000002
3370005,2017,6.625000000000004,6.445000000000002,6.805000000000007
7800315,2017,6.220000000000002,6.040000000000004,6.4
7800035,2017,6.737500000000004,6.715000000000003,6.760000000000005
7800030,2017,6.4375,6.475,6.4
7800010,2017,6.527500000000003,6.415000000000004,6.640000000000003
7800310,2017,6.070000000000002,5.995000000000002,6.145000000000001
3400020,2017,6.055000000000002,6.670000000000002,5.440000000000003
3410010,2017,8.275000000000004,8.110000000000005,8.440000000000003
3420060,2017,7.637500000000005,7.390000000000003,7.885000000000005
3420025,2017,6.977500000000004,6.370000000000002,7.585000000000005
3420080,2017,7.022500000000001,6.925,7.120000000000002
3420330,2017,7.405000000000003,7.465000000000003,7.3450000000000015
3420020,2017,7.547500000000005,7.690000000000003,7.4050000000000065
3430315,2017,4.802500000000004,5.080000000000007,4.525
3430050,2017,5.5000000000000036,5.770000000000001,5.230000000000007
3440045,2017,8.860000000000005,8.725,8.99500000000001
3440005,2017,8.695000000000011,8.47000000000001,8.92000000000001
3440020,2017,8.522500000000004,8.2,8.84500000000001
3440305,2017,9.129999999999999,9.009999999999996,9.25
3440040,2017,8.6875,8.425,8.95
3440025,2017,9.317500000000006,8.92000000000001,9.715000000000003
3460020,2017,6.497500000000005,6.385000000000005,6.610000000000005
3460305,2017,6.685000000000005,6.730000000000007,6.640000000000003
3470040,2017,6.932500000000006,6.805000000000007,7.060000000000005
3470410,2017,6.512499999999999,6.475,6.55
3470020,2017,6.2500000000000036,6.190000000000003,6.310000000000005
3470005,2017,6.107500000000002,5.995000000000002,6.2200000000000015
3470405,2017,6.152500000000003,6.325,5.980000000000007
3470025,2017,7.825000000000005,7.765000000000003,7.885000000000005
3470055,2017,6.122500000000005,6.010000000000005,6.235000000000005
3470065,2017,6.8125000000000036,6.640000000000003,6.985000000000005
3470043,2017,7.082500000000001,7.045000000000002,7.120000000000002
3470060,2017,7.690000000000003,7.480000000000007,7.9
3480020,2017,5.1550000000000065,5.080000000000007,5.230000000000007
3480405,2017,5.162500000000004,5.515000000000003,4.810000000000005
3480035,2017,5.447500000000005,5.380000000000007,5.515000000000003
3480045,2017,5.5000000000000036,5.185000000000005,5.815000000000003
3480052,2017,3.070000000000006,3.235000000000005,2.905000000000007
3480053,2017,4.547500000000005,4.840000000000003,4.255000000000007
3480350,2017,4.045000000000002,4.375,3.7150000000000034
3480055,2017,2.8975000000000053,3.055000000000007,2.7400000000000033
3480060,2017,4.172500000000001,4.675,3.6700000000000017
3480095,2017,3.820000000000002,3.7,3.9400000000000035
3480090,2017,6.992500000000002,7.510000000000005,6.475
3480415,2017,5.665000000000004,5.635000000000005,5.695000000000002
3480177,2017,4.877500000000003,4.945000000000002,4.810000000000005
3480110,2017,5.185000000000006,5.365000000000004,5.005000000000007
3480100,2017,3.0325000000000015,3.325,2.7400000000000033
3480115,2017,3.122500000000005,3.4600000000000053,2.785000000000005
3480136,2017,6.460000000000004,6.685000000000005,6.235000000000005
3480140,2017,6.032500000000002,6.115000000000004,5.95
3480145,2017,5.942500000000003,5.7850000000000055,6.1
3480160,2017,3.182500000000002,3.2950000000000017,3.0700000000000016
3480175,2017,5.4100000000000055,5.590000000000003,5.230000000000007
3480185,2017,6.842500000000003,6.9700000000000015,6.715000000000003
3480200,2017,6.505000000000003,6.610000000000005,6.4
3480202,2017,5.822500000000005,5.980000000000007,5.665000000000004
3480210,2017,3.557500000000002,4.15,2.9650000000000034
3480215,2017,4.772500000000001,4.9,4.645000000000001
3480220,2017,6.475000000000004,6.760000000000005,6.190000000000003
3480423,2017,5.3125,5.575,5.05
3480230,2017,5.477500000000004,5.545000000000002,5.4100000000000055
3480235,2017,5.590000000000003,5.680000000000007,5.5
3480240,2017,6.062500000000004,6.085000000000005,6.040000000000004
3480285,2017,5.0950000000000015,4.690000000000003,5.5
3480280,2017,4.375,4.75,4.0
3480026,2017,5.417500000000002,5.515000000000003,5.320000000000002
3480260,2017,8.117500000000003,7.975,8.260000000000005
3480030,2017,4.045000000000002,4.015000000000003,4.075
3480225,2017,8.417500000000008,8.54500000000001,8.290000000000003
3480420,2017,4.585000000000005,5.080000000000007,4.090000000000003
3490010,2017,5.192500000000003,5.320000000000002,5.065000000000003
3500010,2017,8.027500000000003,8.215000000000003,7.840000000000003
3500003,2017,7.945000000000002,7.840000000000003,8.05
0,2017,6.482500000000006,6.505000000000007,6.460000000000005
