id,year,african_american,asian,hispanic,white,native,male,female
4450105,2017,48.5,4,22,22.9,0.1,47.3,52.7
10003,2017,1.9,1.9,6.7,88.4,0.5,50.2,49.8
10405,2017,2.4,1.8,6.1,89.3,0,53.4,46.6
10015,2017,2,1.4,4.2,92.1,0,50.7,49.3
4120530,2017,58.1,0.9,27.3,10.4,0,47.4,52.6
6000005,2017,1.7,33.2,3.1,58.6,0.5,51.8,48.2
6000020,2017,0.2,24.3,3.3,65.8,0.2,52,48
6000030,2017,2.9,60.8,4.2,29.5,0,50.1,49.9
6000015,2017,3.4,11.4,9.1,70.1,0.6,51.2,48.8
6000010,2017,2.5,20.5,5.4,68.1,0,53.8,46.2
6000025,2017,1.7,51,3.5,39.9,1,52.5,47.5
6000405,2017,2,31.8,3.7,56.8,0.1,52.3,47.7
30025,2017,0.7,0.2,3.3,92.8,0.2,53.2,46.8
30305,2017,0.7,0.2,1,97.4,0,50.8,49.2
6030004,2017,4.1,0.4,1.2,93.4,0,47.1,52.9
6030505,2017,5.1,1.3,1.4,91.8,0.2,50,50
6030020,2017,4,0.2,2.2,89.8,0.2,52.3,47.7
4300305,2017,2.4,19.2,5.8,66.9,0.3,51.7,48.3
50405,2017,1.4,1.4,7.1,87,0,47.9,52.1
50020,2017,2.1,2.9,4.9,88.1,0,52.7,47.3
50010,2017,1.4,1,9.6,85,0,50.2,49.8
50030,2017,3,3.3,9.4,82.4,0,53.2,46.8
50303,2017,2.5,4.2,7,83.3,0,53.4,46.6
50025,2017,2.7,2.9,8,83,0,51.7,48.3
4090205,2017,14.2,0.6,47.2,31.8,0.3,46.3,53.7
70005,2017,4.1,0.5,6.2,84.3,0.5,52.3,47.7
70013,2017,1.2,1,6.6,86.9,0.3,51.1,48.9
70010,2017,2.2,2,8.7,84.1,0.4,53.5,46.5
80009,2017,7.2,15.8,25.7,42.8,0,50.5,49.5
80020,2017,11.3,14,22.1,47.2,0,49.6,50.4
80050,2017,10.3,13.7,20.5,47.7,0.2,52.6,47.4
6050405,2017,6.9,7.9,16.7,59.7,0,47.7,52.3
90310,2017,1.1,15.6,3.6,77.3,0,46.2,53.8
90003,2017,3.2,6.6,5.9,78.4,0.3,51.8,48.2
90305,2017,0.5,13.5,3.7,79,0.5,50.8,49.2
90010,2017,1.6,28.1,4.5,63,0.8,54.9,45.1
90004,2017,2.7,29.1,6.6,58.3,0,53.6,46.4
90020,2017,0,18.5,4.9,75.7,0.2,50.9,49.1
90025,2017,3,14.6,6.8,72.5,0.2,51.7,48.3
90350,2017,3.1,26.5,6.2,61.8,0,45.8,54.2
35090305,2017,9.4,2,11.1,72.3,0.3,54.1,45.9
100010,2017,1.5,10.3,4.6,77.1,0,52.1,47.9
100025,2017,1.7,12.4,4.5,77.9,0,51.9,48.1
100030,2017,4.9,15.7,7.3,68.1,0.2,54.3,45.7
100005,2017,4.2,14.6,3.1,72.9,0,49.4,50.6
100055,2017,2.5,18.2,6.3,68.4,0,49.7,50.3
100410,2017,4.2,10,5.5,75.3,0,47,53
100045,2017,4,12.3,8.3,72.8,0,49.6,50.4
100050,2017,5.4,16.1,10.7,62,0.6,51.9,48.1
6100025,2017,0.2,0.4,5.8,92.4,0,52.1,47.9
6100305,2017,0,0.9,3.3,94.6,0,49.1,50.9
6100005,2017,1.6,0.3,7,88.4,0.3,52.7,47.3
140405,2017,2.4,12.1,11.2,71,0.3,48.7,51.3
140015,2017,2.1,13.5,9.5,70.5,1,50.6,49.4
6150020,2017,0.7,1.2,9.9,84.7,0.2,50.3,49.7
6150305,2017,1.8,0,9.3,85.3,0.3,52.7,47.3
6150050,2017,2.1,0.7,2.8,93.8,0,49.3,50.7
4910550,2017,4.7,1.9,9.9,80,0.1,46.7,53.3
160001,2017,3.9,1.8,27.9,59.2,0.2,52.6,47.4
160315,2017,4.2,4.9,18.1,64.9,0.4,53.3,46.7
160045,2017,6,3.9,12.8,68.3,0.9,55,45
160040,2017,4.3,6.3,12.6,70.7,0,47.2,52.8
160050,2017,3.8,6.1,11.7,68.8,0,53.8,46.2
160305,2017,3.6,3.6,10.6,76.8,0,51,49
160035,2017,6.2,9.4,9.8,65,0,52.3,47.7
160320,2017,6,5.9,18.7,64.9,0,53.7,46.3
170305,2017,1.8,4.2,5.4,85.6,0.3,50.6,49.4
170030,2017,1.5,3.4,7.6,84,0,49.3,50.7
180510,2017,37.3,5.6,4.7,48.3,0.6,48.3,51.4
180010,2017,23.3,3.8,6.8,59,1.3,52.2,47.8
6160305,2017,4.8,2,10.6,75.2,0.8,47.1,52.9
6160001,2017,2.1,2.6,9.8,81.2,0,52.7,47.3
6160002,2017,3.2,3.8,11.7,76.5,0.2,54,46
200505,2017,8.4,2.8,11.5,72.2,0.9,48.7,51.3
200315,2017,8,1.7,9.9,74.7,0.5,48.7,51.3
200050,2017,6.7,2.1,11.7,75.6,0,52,48
200010,2017,4.8,1.4,8.5,82.3,0.3,53.9,46.1
200025,2017,17.1,2.5,27.5,42.7,0.3,54.8,45.2
200005,2017,4.6,1.9,6.5,83.5,0,56.5,43.5
200045,2017,2,0.7,5.2,88,0.5,50.3,49.7
4270010,2017,17.9,3.1,20.7,51.7,1,51.7,48.3
35020405,2017,27.6,0.8,65.3,5.9,0,50.5,49.5
230305,2017,5.8,15.5,5.9,69.2,0,50.2,49.8
230012,2017,5.7,15.7,4.4,70.3,0,53.4,46.6
240006,2017,2.6,2.4,4,88.4,0,50.5,49.5
240025,2017,2.3,1.5,1.5,92.2,0,51.9,48.1
240018,2017,2,1.2,5,88.6,0.6,52.1,47.9
250505,2017,1.8,3.1,5.3,88.4,0.3,54.5,45.5
250315,2017,1.7,4.2,3.5,88.9,0.3,49.9,50.1
250020,2017,1.8,1.2,2.1,91.9,0,50.1,49.9
250025,2017,1.8,2,3.5,87.4,0,46.8,53.2
260015,2017,4.4,23.7,8.8,56.7,0.6,52.6,47.4
260010,2017,2.1,20.6,4.3,65.1,0,49.6,50.4
260035,2017,3.1,15.3,2.2,69,0,55.1,44.9
260005,2017,1.7,24.8,3.4,63,0.2,51.3,48.7
260305,2017,3.5,16.1,4.9,69.3,0.1,49.7,50.3
4200205,2017,79.5,2.6,13.3,2.6,0.9,51.9,48.1
4470205,2017,1.6,23,2.7,69.4,0.2,51.7,48.3
35110205,2017,12.5,3.1,48.6,32.7,0,51.4,48.6
270010,2017,0,0.2,0.9,96.1,0,49.5,50.5
270305,2017,1,0.8,1.5,94.1,0,48,52
4140305,2017,14.6,2.5,6.7,71.9,0,48,51.7
6180310,2017,1.6,3.1,7.2,84,0.3,46.3,53.7
6180035,2017,1.7,3.1,11.1,77.3,0,56.3,43.8
280005,2017,0.5,2.1,3.7,88.9,0.5,57.4,42.6
6200505,2017,1,3.1,2.6,91.3,0,52.2,47.8
300055,2017,3.4,4.4,17,73.1,0,52,48
300305,2017,3,2.4,9.5,82.2,0,53.9,46.1
300010,2017,3.9,0.6,15.4,76.3,0,52.2,47.8
300015,2017,3,1.3,11.4,77.4,0,52.2,47.8
300033,2017,1.3,1.3,11.8,80.8,0,51.4,48.6
300040,2017,2,2,10.5,82.6,0.3,51.9,48.1
310030,2017,2,4.6,10.2,76.6,0,53.8,46.2
310007,2017,4.3,3.3,5.6,84.5,0,50.2,49.8
310026,2017,4.6,8.6,8.4,76.9,0.4,53.2,46.8
310012,2017,1.6,2.8,2.8,90.7,0,50.5,49.5
310310,2017,2.2,6.2,3.4,85.4,0,51.1,48.9
310305,2017,3.2,5.5,3.9,85.9,0.2,49.6,50.4
310015,2017,5.9,10.5,6.9,73.2,0.4,55.8,44.2
310005,2017,5,9,6.1,75.5,0,48.9,51.1
6220015,2017,2.4,1.4,5.5,86.3,0.3,47.3,52.7
6220405,2017,1.2,1.2,5.1,90,0,49.3,50.7
6220010,2017,0.4,1.4,6.7,89.4,0,55.1,44.9
350390,2017,24.1,1.5,69.4,3.6,0,52.6,47.4
350560,2017,8,29,12.1,46.9,0.1,45.1,54.9
350545,2017,22.7,21.9,22.6,29.3,0.4,41.9,58.1
350012,2017,23,2.7,39.5,31.1,0.3,51.4,48.6
350054,2017,75.1,1.2,18.1,1.6,1,51.1,48.9
350052,2017,19.2,1.4,60.8,14.2,0,53.2,46.8
350430,2017,13.1,7.5,68.1,9.6,0,54.3,45.7
350020,2017,18.7,2.5,53.8,20.1,0,49.6,50.4
350062,2017,1,0.6,81.2,16.5,0,52.4,47.6
350066,2017,1,0,62.5,30.2,0,49,51
350072,2017,35.8,0.2,59.6,2.5,0.2,49.8,50.2
350074,2017,67.3,0.3,26.5,1.6,0.6,55,45
350077,2017,30.8,1.1,36.9,24.8,0.2,48.5,51.5
350080,2017,2.2,0.5,89.2,7.2,0,51.2,48.8
350008,2017,50.3,1.1,42.9,3.2,1.1,55.6,44.4
350426,2017,43.2,6.7,25.7,21.6,0.2,54.7,45.3
350375,2017,19.9,15.7,45.3,15.7,0.6,54.4,45.6
350088,2017,42.8,19.1,30.6,4,0.4,52.9,47.1
350096,2017,9.5,6.8,19.7,58.1,0.2,50.7,49.3
350100,2017,22.5,0.4,33.6,36.1,0,52.5,47.5
350116,2017,33.1,2.2,43,20.1,0,49,51
350326,2017,12,5.2,64.8,13.5,0,53.1,46.9
350122,2017,36.5,2.7,39.2,18.9,0,56.3,43.7
350200,2017,23,29.1,34.5,10.1,0.2,55.8,44.2
350135,2017,42.7,2.1,42.7,7.1,0,49.8,50.2
350377,2017,51.5,0.8,40.3,1.7,0.6,55.2,44.8
350750,2017,37.8,6.7,41.1,11.1,0,61.1,38.9
350141,2017,0.7,2.6,91.2,4,0,51.5,48.5
350013,2017,38.4,11,39.1,8.1,0.3,57.5,42.5
350146,2017,34.9,7.4,31.6,22.5,0.1,50.5,49.5
350154,2017,64.2,1.7,26.7,3.7,0,55.1,44.9
350156,2017,5,2,69.1,22.4,0,48.5,51.5
350485,2017,29.4,1.6,65.8,0.5,0,53.1,46.9
350153,2017,27.7,2.2,62.1,6.1,0,50.3,49.7
350172,2017,40.7,1.2,32.6,22.1,0,52.9,47.1
350166,2017,20.4,1,71.5,4.7,0,50,50
350179,2017,32,7.2,55,5,0,51.4,48.6
350180,2017,58.4,2.7,31.9,0.9,0.6,46.5,53.5
350182,2017,6.2,0.6,72.5,18.1,0,49.3,50.7
350183,2017,53.4,6.3,28.8,6.3,0,56,44
350184,2017,19,3.8,27.8,41.1,0,53.2,46.8
350181,2017,39.2,8.2,27.6,18.7,0,58.2,41.8
350286,2017,15.7,57.1,13.5,9.7,0.1,50.2,49.8
350190,2017,13.6,8.7,17.5,54.9,0,54.3,45.7
350376,2017,63.3,0.8,30,1.2,0.2,51.4,48.6
350383,2017,45.9,9.2,40.7,1.3,0,53,47
350262,2017,8.8,2.1,33,53.4,0,51.7,48.3
350004,2017,15.8,10.1,30.9,36,0,55.4,44.6
350215,2017,4.9,6.3,54.9,30.4,0,50,50
350656,2017,3.6,1.8,85.8,7.8,0,52.5,47.5
350227,2017,37.8,31.3,18,6.6,0.5,49.1,50.9
350226,2017,71.5,0.2,23.7,2.2,0.2,50.2,49.8
350229,2017,31.8,0.2,63.7,1.9,0.2,50.5,49.5
350231,2017,42.9,2.1,38.7,11.3,1.3,46.2,53.8
350378,2017,66.3,1.2,26.5,2.2,1.8,50.5,49.5
350382,2017,20.7,0.5,39.2,31.8,0.5,58.5,41.5
350237,2017,26.9,5.7,21.1,37.1,0.6,57.7,42.3
350243,2017,50.6,2.9,36.8,5.2,0,46,54
350138,2017,60.3,2.7,27.7,2.7,0.3,53.3,46.7
350575,2017,32.8,22.5,30.8,11.1,0.4,44.3,55.7
350255,2017,17.1,3.2,17.1,58.6,0,57.2,42.8
350257,2017,46.8,1.5,46.7,2,0.5,51.2,48.8
350264,2017,2.4,2,88.6,6.4,0,53.2,46.8
350268,2017,22.9,5.5,64.3,4.3,0.2,53.5,46.5
350278,2017,27.5,5.7,37.1,23.9,0.4,51.1,48.9
350565,2017,21.3,51,20.4,4.3,0.2,55.1,44.9
350691,2017,2.2,0,90.4,5.4,0,45.5,54.5
350240,2017,18.7,38.9,20,18.3,0.3,53.5,46.5
350298,2017,37.6,5.9,28.8,25.3,0.6,47.1,52.9
350302,2017,4.1,0.3,75.5,18,0.7,53.1,46.9
350304,2017,49.4,1.7,37.2,6.1,0.4,56.7,43.3
350308,2017,23.6,0,73.7,1,0,51.6,48.4
350657,2017,65.9,3.8,24.2,2.9,0.4,55.5,44.5
350328,2017,41.3,17.2,20.5,16.6,0.3,53.9,46.1
350167,2017,43.5,4.6,41.8,3.6,0,50.9,49.1
350346,2017,13.7,5.3,24.4,51.4,0.3,53.6,46.4
350445,2017,41.3,1.2,47.4,7.3,0.6,51.7,48.3
350366,2017,29.9,11.9,51.7,2.1,0.8,50.9,49.1
350360,2017,48.8,1.6,38.9,7.8,0,45.9,54.1
350258,2017,23.4,4.7,44,23.6,0.2,56,44
350363,2017,47.8,0.9,37.4,10.4,0.3,72.4,27.6
350370,2017,59.9,0.6,32.5,2.8,0,52.1,47.9
350374,2017,18.5,12.3,36.2,28,0,54.7,45.3
350380,2017,52.6,0,44.2,1.5,0.2,51.4,48.6
4490305,2017,27.5,2.2,19.7,47.5,0.7,48.1,51.9
4110305,2017,54.8,0.8,32.6,7.4,0,51.5,48.5
4160305,2017,69.2,1,24.8,2.4,0.5,51.8,48.2
4810550,2017,64.1,0.3,31,1.5,0.1,49.3,50.7
360325,2017,1.4,2.4,3,89.5,0.8,49.1,50.9
360005,2017,1.6,0.7,3.7,89.6,0.9,53.3,46.7
360010,2017,2.3,1.4,3.7,86.5,2,50.1,49.9
380013,2017,0.2,3.3,2.6,91.4,0,50.9,49.1
390005,2017,1.4,4.8,3.4,86,0.7,48.1,51.9
400033,2017,8.6,13.3,5.2,70.8,0,49.4,50.6
400050,2017,7.1,17.7,7.8,64.5,1.4,55,45
400305,2017,6.8,13.5,3.8,73.5,0.4,51.4,48.6
400015,2017,2.6,13.6,2.6,80.5,0.5,49.2,50.8
400005,2017,2.8,17.2,4.8,73.3,0.5,53.1,46.9
400025,2017,1.6,24.3,5.1,67.4,0,47.8,52.2
400020,2017,2.2,22.4,5.1,68.2,0.3,49.6,50.4
400310,2017,2.2,16.1,3.8,76.7,0.1,48.7,51.3
410010,2017,2.6,1.3,4.7,88.4,0,50.6,49.4
4170205,2017,60.7,1.5,33,0.4,0.7,46.4,53.6
6250320,2017,3.6,0.8,2,89.7,0,54.2,45.8
6250050,2017,4.6,1.8,2,89,0.4,54.2,45.8
6250002,2017,6,1.6,2.7,86.1,0,52.9,47.1
6250315,2017,2.7,2.3,2.7,88.6,0,49.5,50.5
6250300,2017,3.5,1.1,3,86.6,0.4,53.3,46.7
430005,2017,3.5,1.8,0.4,94.4,0,49.1,50.9
440421,2017,42.7,1.6,9.2,41.7,0.2,50.7,49.3
440010,2017,55.4,1.7,10.4,28.3,0.2,52.5,47.5
440110,2017,51.5,2.1,16.8,21.7,0.9,56.6,43.4
440001,2017,62,0.2,18.2,11,1,54.2,45.8
440405,2017,69.8,0.7,11.3,13.5,0,55.2,44.8
440023,2017,60.9,0.3,14.7,17.9,0.2,49.6,50.4
440400,2017,41.7,0,14.6,41.7,0,66.7,33.3
440045,2017,46,3.6,8.7,36.1,0.4,50.4,49.6
440055,2017,76.4,0.2,12.9,6.3,0.4,51.6,48.4
440017,2017,44.6,5.1,11.1,31.4,0,50.1,49.9
440422,2017,39.2,2.6,26.7,25,0.4,48.2,51.8
440065,2017,53.2,6.3,13.1,22.1,0.8,51.8,48.2
440003,2017,36.4,0.4,46.5,11.9,0.8,50.5,49.5
440002,2017,50.2,1.7,12.9,31,0.1,51.8,48.2
440410,2017,70.9,2.1,14.5,8.9,0.2,53,47
440078,2017,76.5,0.7,8.9,10,0.5,53.1,46.9
440415,2017,51.3,3.1,16,22.8,0,52.8,47.2
440420,2017,50.6,3.5,14.9,24.8,0.3,49.8,50.2
4280305,2017,54.5,1.9,35.8,5.4,0.4,48.8,51.2
450005,2017,0.3,0,4.1,90.6,0.3,49.4,50.6
460005,2017,5.1,25.4,10.1,51.3,0,50.8,49.2
460015,2017,4.9,12.9,13.4,58.8,0,51.9,48.1
460025,2017,3.8,17.6,9,60.9,0,49.1,50.7
460045,2017,3.1,15.2,10.1,60.8,0,51.9,48.1
460030,2017,5.8,31.5,8.4,46.1,0,51.8,48.2
460020,2017,5.3,14.7,7.5,57.8,0.2,51.2,48.8
460040,2017,5.2,20.7,10.3,55.5,0,48.8,51.2
460035,2017,9.9,22.2,12,48.4,0,49.5,50.5
480007,2017,5.7,21.1,4.9,64.4,0,53.6,46.4
480035,2017,9.8,19.8,7.2,60.1,0.2,49.1,50.9
480303,2017,5.6,11.3,4.6,73.9,0.4,53,46.9
480015,2017,5.2,18.1,4.4,66.1,0.5,52.1,47.9
480020,2017,3.1,16,6.5,70.7,0,45.6,54.4
490006,2017,5,3.4,43.3,39.1,0,44.3,55.7
490305,2017,30.3,9.6,17.6,35.2,1.1,49.8,50.2
490007,2017,19.9,8,10,54,0,55,45
490090,2017,49.6,8.8,15.4,20.4,0.4,51.5,48.5
490080,2017,18.9,20.9,5.9,49.2,0,51,49
490020,2017,22.5,13.4,6.3,46.2,0,49.8,50.2
490065,2017,25.1,15.1,11,38.5,0.7,50.9,49.1
490040,2017,18.4,19.9,17.7,37.2,0,52.3,47.7
490035,2017,18.2,8.9,16.6,45.8,0.3,52.6,47.4
490005,2017,17.4,9.6,12.9,48.6,0.3,48.9,51.1
490030,2017,26.2,22.4,6.6,27.4,0,50.5,49.5
490045,2017,23.2,13.1,10.8,41.5,0.7,52.9,47.1
490050,2017,24.4,12.3,6.6,49.1,0,47.8,52.2
490310,2017,35.9,10.7,17.6,25.6,0.4,47.7,52.3
490315,2017,30.9,9.8,10.5,40,0.7,52.7,47.3
490320,2017,26.1,14.2,6.7,44,0.7,48.5,51.5
500020,2017,10,12.6,4.7,65.4,0.2,48,52
500017,2017,5.4,11.5,3.4,75.6,0,53.6,46.4
500012,2017,13.7,10.8,5.8,63.7,0,48.4,51.6
500305,2017,11.3,10.1,4.7,69.8,0,49.2,50.8
4320530,2017,1.2,1.2,4.5,87.7,0,42.8,57.2
510025,2017,0.5,11.5,3.2,76.1,0,54.9,45.1
520015,2017,1.3,0.3,1,96.3,0,50.4,49.6
520405,2017,1.3,0.2,1.1,95.6,0.1,50.7,49.3
6350005,2017,0,0,0,96.8,0,56,44
6350025,2017,0.2,2.1,3.8,89.8,0,53.6,46.4
6350035,2017,1.5,0.7,3,91.8,0,53,47
6350305,2017,1,1,2.8,91.2,0.3,52.3,47.7
560030,2017,2,9.7,5.5,79,0.8,56.8,43.2
560005,2017,2.5,14.3,4.4,75.1,0,49.3,50.7
560025,2017,4.2,16.1,7.9,67.5,0,55.2,44.8
560305,2017,2.2,14.6,4.8,76.4,0,50.5,49.5
560310,2017,3.1,13.2,4,77.3,0,50.8,49.2
560015,2017,1.1,17.4,6.3,71.5,0,56.2,43.8
570050,2017,3.3,1.3,89.4,4.8,0.4,55.4,44.6
570030,2017,7.1,1,80.7,9,0.5,54.8,45.2
570045,2017,6.2,1.5,83,7.3,0.6,56.8,43.2
570040,2017,5.5,1.2,84.7,6.5,0,51.4,48.6
570035,2017,2.1,0.7,91.6,4.2,0,50.4,49.6
570055,2017,5.9,2.1,86.6,5.2,0,48.8,51.2
570025,2017,5.9,1.1,82.8,9.2,0,53.8,46.2
6320025,2017,0.7,0,2.9,95,1.4,48.6,51.4
610003,2017,1.9,3.5,29.2,62.6,0,57.2,42.8
610305,2017,2.7,2,33.8,58.4,0.4,50.9,49.1
610015,2017,4.9,0.7,52.2,37.2,0.2,48.5,51.5
610020,2017,4.1,0.8,18,73.8,0,48.9,51.1
610021,2017,4.7,0,63.2,27.4,0,75.5,24.5
610310,2017,4.3,1.6,36.2,54.5,0.1,55.3,44.7
610050,2017,2.7,2,46.4,44.9,0,50.2,49.8
610090,2017,5.9,0.3,70.8,20.5,0,51.9,48.1
610040,2017,3,2,23.3,68.5,0,50.8,49.2
610022,2017,4.5,0.5,32.7,59.7,0,52.4,47.6
610065,2017,3.5,2.5,24.3,64.8,0,51.1,48.9
4180305,2017,5.6,6.1,21,60.5,1,52.4,47.6
630010,2017,0.6,0.6,1.2,96,0,46.2,53.8
640050,2017,3,1.1,22,72,0,52.7,47.3
640305,2017,4.7,1.1,22,70.9,0,55.4,44.6
4380505,2017,80.5,0,17.5,0.6,0.3,49.9,50.1
650505,2017,3.2,2.6,1.2,92.1,0.4,50.7,49.3
650005,2017,2.4,1.3,0.5,95,0,55,45
35030205,2017,19.8,20.3,37.2,18,0.2,48.9,51.1
4360305,2017,62,3.5,24.3,5.1,1.6,47.3,52.7
4260205,2017,0.7,0.7,96.4,2.1,0,51.4,48.6
4400205,2017,0.5,0.5,95.8,3.3,0,50.5,49.5
4310205,2017,1.1,1.1,93.6,4.3,0,48.9,51.1
670005,2017,7.8,7.4,9.9,67.9,0.2,49.9,50.1
670305,2017,4.8,5.9,4.2,80.6,0.1,47.7,52.3
670020,2017,1.5,7.3,5.1,77.1,0,53.7,46.3
670030,2017,1.5,5.5,5.1,82.8,0.2,54.3,45.7
4390050,2017,50.9,2.9,32,10.4,0,44.9,55.1
680005,2017,0,0,3.5,95,0,56,44
710015,2017,2.3,0,9.6,82.5,0,53.3,46.7
710010,2017,3.7,3.7,6.7,80.2,0.3,49.7,50.3
710305,2017,1.6,2.1,7.4,85.8,0.1,51.1,48.9
710032,2017,1.7,4.2,8.7,83.9,0,47.2,52.8
710030,2017,2.5,3.2,7.6,84.2,0.4,55.8,44.2
710045,2017,1.8,2.1,5.8,89,0.9,53.5,46.5
720050,2017,1.7,0.4,2.6,90.1,0,51.6,48.4
720030,2017,1.9,0.2,4.4,88.8,0,54.1,45.9
720040,2017,1,1.6,3.1,87.4,0,54.6,45.4
720015,2017,0.7,0.5,3.8,90.2,0,49.9,50.1
730010,2017,9.4,3.6,24,56.5,0.6,52.3,47.7
730305,2017,6.8,2.4,14.3,73.1,0.3,51.3,48.7
730025,2017,3.2,1.8,6.1,84.9,0,54.3,45.7
730030,2017,7,1.8,9.6,73.9,0,46.7,53.3
730045,2017,6.6,2.2,14.2,74.3,0,57.4,42.6
740015,2017,0.2,1.7,6.7,85.3,0,50.4,49.6
6450505,2017,10,2.9,10.3,70.2,1.6,50.7,49.3
6450005,2017,9.9,1.4,9.6,69.4,0.8,54.1,45.9
6450015,2017,7.5,1.6,17.6,59.2,4.9,59.5,40.5
6450305,2017,10.2,1.9,8.5,73.5,2.1,51.5,48.5
6450050,2017,7.4,2.9,11.5,70.6,2.3,49.4,50.6
6450025,2017,6.6,1.6,5.9,74.8,2.8,51.3,48.7
6500005,2017,0.2,1.4,6.2,87.6,0,49.8,50.2
6500305,2017,1,0.8,3.8,91.4,0,54.8,45.2
6500310,2017,0.5,0.9,4,91.8,0.2,50.4,49.6
6500010,2017,1.2,1.8,3.9,89.9,0.4,48.6,51.4
770015,2017,0.5,1.5,1.5,93.6,0,53.2,46.8
770305,2017,0.6,1.9,4.2,91.1,0,50.6,49.4
780005,2017,2.9,12.8,4.6,74.7,0,54.9,45.1
6550405,2017,3.1,8.6,2.7,81.3,0.4,50.7,49.3
790035,2017,10.2,6.5,8,74.7,0.2,51.6,48.4
790045,2017,4.5,6.1,11,76,0,49.2,50.8
790030,2017,3.9,4.6,11.8,78.6,0,51.4,48.6
790020,2017,3.1,2.9,4.8,87.5,0,54.4,45.6
790410,2017,5.8,6.2,7.5,78.6,0.2,50.8,49.2
4070405,2017,61,0,36.6,1.4,0.7,45.2,54.8
6580310,2017,0.6,1,6,90.5,0,51,49
6580005,2017,2.7,0.3,8.3,86.1,0,52.3,47.7
6580305,2017,1.8,1.9,8.8,85.3,0,48.6,51.4
6580030,2017,1,1,8.7,86.5,0,54.2,45.8
820004,2017,0.1,1.4,2.4,92.8,0.1,49.2,50.8
820305,2017,0.1,1.5,2.3,92.9,0.1,53.1,46.9
830505,2017,2.8,0.3,1.9,93.2,0.2,48.6,51.2
830010,2017,3.2,0.7,2,90.4,0.3,54.9,44.9
870305,2017,2.2,5.9,5.4,85.5,0,52.4,47.6
870010,2017,3.3,5.9,5.6,82.5,0,44.6,55.4
870015,2017,1.7,3,5.3,86.3,0,51.7,48.3
850005,2017,5.5,1.6,3.8,85.7,1.1,48.4,51.6
860005,2017,1,2.1,13.4,79.4,0.5,58.8,41.2
860010,2017,1.6,3.5,9.8,81.6,0.8,53.9,46.1
860020,2017,1,5.7,13,75,0.5,55.2,44.8
860305,2017,1.8,3.6,10.5,82.4,0,48.3,51.7
880405,2017,5.4,3.4,3.5,85.1,0.1,49.3,50.7
880025,2017,4,3.2,4,86.2,0,51,49
890005,2017,3.2,0.3,18.1,71,2.3,45.7,54.3
910030,2017,0,0,3.7,86.8,0,52.9,47.1
930030,2017,20,0,38.5,36.9,0,76.9,23.1
930028,2017,16.5,5.6,48,26.9,0.5,52.8,47.2
930038,2017,19.2,4.6,44.1,28.7,0.5,47.8,52.2
930018,2017,13.1,5,46.8,32.7,0.6,49.7,50.3
930058,2017,18.8,3,60.2,16.2,0.2,49,51
930010,2017,13.4,6.4,61,16.5,1,47.6,52.4
930015,2017,15.8,6.9,41,34.4,0,56.7,43.3
4100205,2017,7.3,1.5,79.2,10.1,1.3,49.4,50.6
940010,2017,1.6,1.6,6.2,86,0.5,52.3,47.7
940305,2017,1.1,2.6,4.1,89.5,0.7,52.6,47.4
940030,2017,1.6,2.1,5.6,85.4,0.2,49.8,50.2
950009,2017,7.4,3.9,29.4,49.1,0.3,53.5,46.5
950017,2017,9.9,5.3,30.3,43.9,0.2,53.2,46.8
950140,2017,1.4,1,8.9,80.9,0,47.8,52.2
950045,2017,7.7,1.8,28,53.3,0.4,51.6,48.4
950013,2017,7.5,2,36,48.6,0,49.6,50.4
950011,2017,8.7,5.6,33.5,40.5,0.6,50.5,49.5
950320,2017,6.5,3.8,21,62.6,0.3,49,51
950315,2017,7.7,4.7,21.7,59.2,0.2,56.1,43.9
950005,2017,5.6,3.8,18,63.8,0,54.1,45.9
950335,2017,11.1,0,37,40.7,3.7,55.6,44.4
950145,2017,11.8,2,23.4,49.3,1.3,46.7,53.3
950130,2017,5.4,4.4,15.5,66.5,0,55.6,44.4
950340,2017,12.5,0,25,46.9,0,90.6,9.4
950305,2017,7.1,5.1,31.7,50.4,0.2,52.2,47.8
950065,2017,4.9,5.3,23.2,57.6,0.1,50,50
960005,2017,5.1,0.9,6,78.9,2.3,54.1,45.9
960405,2017,4.6,3,3.9,80.5,1.4,51.2,48.8
960305,2017,6.5,1.4,5.1,81.3,0.5,49.2,50.8
960020,2017,3,3.4,6,78.7,1.5,53.9,46.1
960030,2017,2.2,1.9,5.4,86.2,0,49,51
960015,2017,8.3,2,5.3,75,2.7,52.3,47.7
6620020,2017,0,0,0.9,98.2,0,52.6,47.4
970315,2017,5.9,4.7,51.3,30.4,0.2,55.1,44.9
970016,2017,4.5,2.5,51.4,34.1,0.3,52.5,47.5
970340,2017,4.6,6.7,48.1,32.5,0,47.1,52.9
970048,2017,5.6,5.4,52.2,29.9,0,50.3,49.7
970043,2017,5.8,3.1,44.9,38.1,0,51.9,48.1
970060,2017,6.1,5.6,53.3,27.3,0.1,49.9,50.1
980005,2017,1.2,0,0,96.3,0,44.4,55.6
4130505,2017,0.5,2.7,7.3,85,0,47.3,52.7
990050,2017,4.1,4.1,4.1,84.4,0.8,57.2,42.8
990405,2017,4.5,2.3,4.2,86.8,0.5,51,49
990015,2017,2.6,6.1,3.5,83.3,0.3,55.6,44.4
990020,2017,3.6,5.3,4.1,83.5,0.5,50.8,49.2
4460550,2017,36.6,10,4.4,42.9,0.1,47.4,52.6
1000035,2017,3.3,0.6,69.4,23.6,0.1,46.2,53.8
1000006,2017,7.6,4.5,53.4,32.4,0,48.9,51.1
1000302,2017,7.1,2,18.3,69.2,0.2,50.2,49.8
1000007,2017,5,13.4,11.3,66.6,0,54.5,45.5
1000305,2017,9,2.4,38.3,46.7,0,52,48
1000015,2017,3.8,7.5,11.5,72.9,0,51.1,48.9
1000045,2017,6.6,4.3,19.1,64.6,0.3,52.2,47.8
1000050,2017,11.5,2.3,28,52.2,0,49.7,50.3
1000039,2017,5.2,4.4,7.2,78.7,0,52.3,47.7
1000310,2017,4.7,7.9,29.3,55.4,0,51,49
1000055,2017,8.5,0.3,21.5,67.4,0.2,49.7,50.3
4780505,2017,0.5,1.5,2.8,91.6,0,45.6,54.2
1010040,2017,0.6,3.7,1.7,92.9,0,52.8,47.2
1010035,2017,1.5,1.5,4.8,90.4,0.4,53.3,46.7
1010012,2017,1.5,3.9,0.7,91.8,0,53.8,46.2
1010405,2017,1.3,7.7,2.1,86.9,0.2,47.2,52.8
1010013,2017,0.8,7.8,2.8,86.1,0,51.7,48.3
1010010,2017,2.4,7.9,1.2,86.6,0,54.7,45.3
1010030,2017,1,4.4,4.8,86.7,0.2,53.3,46.7
1010032,2017,3.8,6.6,2.7,84.4,0.3,52.3,47.7
1010310,2017,1.5,5,3.7,87.4,0.2,52,48
6650002,2017,2.2,1,0.2,93.8,0.2,52,48
6650001,2017,1,0.3,1.5,96.5,0,51,49
6650305,2017,0.7,0.9,1.8,94.7,0.3,49.9,50.1
6650015,2017,1.7,0.6,0.8,94.9,0.4,47.8,52.2
6700505,2017,1.3,3.1,4.4,88.4,0,54,46
1030001,2017,2.4,1,17.3,68.6,0.2,55.8,44.2
1030505,2017,2.7,2.1,12.5,78.5,0.4,53.6,46.4
1030405,2017,2.6,1.8,15.2,70,0.2,49.4,50.6
6720059,2017,1.7,0,3.4,91.4,1.7,53.4,46.6
6720405,2017,0,0.5,5.8,91.8,0.5,57.2,42.8
6720143,2017,1.3,0,3.7,91.9,0,53.2,46.8
1050305,2017,0.4,1.3,0.4,97,0,54.1,45.9
1050010,2017,1.1,1.1,1.7,94.7,0,52.1,47.9
6740005,2017,3.4,0,1.7,88,0,52.1,47.9
6740310,2017,2.1,0.4,8,84,0.4,48.7,51.3
6740050,2017,0,0,17.1,71,0.5,50.2,49.8
4960305,2017,10.7,1,29.8,52.3,1,51.7,48.3
1070010,2017,1.1,2.5,14.4,79.7,0.6,49.9,50.1
1070020,2017,0,0,6.8,88.1,0,55.3,44.7
1070042,2017,2.8,0.9,2.8,92,0,51.2,48.8
1070305,2017,1.6,0.9,8.6,83.7,0.5,51.5,48.5
1070045,2017,0.9,0.9,12.3,85,0,49.1,50.9
1070050,2017,1.7,1.7,5.1,88.8,0.8,48,52
1100305,2017,1.4,10.1,3.9,81.2,0,49.7,50.3
1100200,2017,1.9,15.6,6.3,74.1,0,51.4,48.6
1100030,2017,0.8,7.2,5.4,82.6,0.5,51.9,48.1
1110004,2017,0,0.6,7.7,89.3,0,58,42
1110505,2017,1,3.1,6,88.5,0,54.3,45.7
1110010,2017,0,2.9,7.8,84,1.5,50,50
1140025,2017,1.2,0,8.6,90.1,0,49,51
1140010,2017,2.6,1.3,13.7,75.6,0,48.3,51.7
1140505,2017,3.1,3.1,14.7,74.1,0,54,46
1140305,2017,1.5,2.3,16.5,73.6,0,51.5,48.5
1140035,2017,2.8,1.4,26,60.5,0,49.3,50.7
6730010,2017,0.8,6.3,1.7,86.8,0.2,48.1,51.9
6730305,2017,0.9,7.1,1.6,88.5,0.3,52.2,47.8
6730005,2017,0.4,5,1.8,91.4,0,55.4,44.6
1170015,2017,2,1,6.9,82.2,0.3,51.6,48.4
1170505,2017,3.9,2.3,8.1,80.6,0.4,50,50
1180005,2017,1,0.7,1.9,94.4,0.3,52.4,47.6
6750007,2017,0.4,2.7,5.9,89.8,0,51.4,48.6
6750010,2017,0,3.1,1.2,91.3,0,47.6,52.4
6750310,2017,0.7,2.9,2.7,91.4,0,51.1,48.9
6750015,2017,3.1,6.2,1.4,86.6,1,46.6,53.4
4990305,2017,24.9,2.7,30.5,39.1,0,50.2,49.8
6800005,2017,2,1.2,6.9,86.6,0,50.2,49.8
6800030,2017,3.2,3.2,5.6,84.4,0.3,49.6,50.4
6800050,2017,3.6,2.6,7.6,81.8,0,50.2,49.8
6800305,2017,3.6,1.4,5,86.9,0.9,50,50
6800310,2017,2.1,3.7,5.8,85.6,0.4,48.9,51.1
6830505,2017,0.7,0.5,2.8,93.5,0.1,44.9,55.1
1210005,2017,0,0,0,100,0,50,50
1220004,2017,1.4,1.4,1.9,95.3,0,50.2,49.8
1220305,2017,0.6,2.3,1.6,95.4,0,53.1,46.9
1220015,2017,0,0.9,3.5,94.3,0,48.7,51.3
1250505,2017,1.9,12.1,3.2,81,0,50.7,49.3
1250005,2017,2.5,9.7,3.9,81.8,0,52,48
1270005,2017,0.4,0.4,5.7,92.6,0,52.9,47.1
1270505,2017,1.5,2.5,3.5,88.9,0,52,48
1280008,2017,3.9,1.8,16.2,77.1,0.2,51.3,48.7
1280035,2017,4.1,1.7,17.8,75.2,0,50.2,49.8
1280100,2017,2.8,1.7,45.5,48.9,0,50.9,49.1
1280050,2017,3.8,2.2,38,55.3,0,49.9,50.1
1280026,2017,3.1,2.1,38,53.6,0.2,50.3,49.7
1280033,2017,6.5,0,41.3,52.2,0,76.1,23.9
1280085,2017,3.3,1.4,26.7,67.8,0.2,51.7,48.3
1280054,2017,3.9,2.5,34.1,57.1,0.6,56.5,43.5
1280073,2017,2,2,39.2,54.9,0,76.5,23.5
1280075,2017,2.8,1.1,48.9,45,0.6,52.4,47.6
6850005,2017,0,1,7.6,85.7,1.9,44.8,55.2
4190305,2017,79.7,0.5,17.5,0,0.5,58.1,41.9
4550050,2017,5.2,0.7,18.3,72.5,0.3,42.5,57.5
4500105,2017,0.5,1.4,7.3,81.7,0,53.2,46.8
1310005,2017,0.7,2.2,2,92.8,0,57.5,42.5
1310410,2017,1,3,2.4,91,0,50.8,49.2
1310019,2017,1.5,1.9,3.4,90.2,0,47.4,52.6
1310020,2017,2.1,2.7,1.8,89.5,0,49.8,50.2
1310010,2017,1.3,1.9,3.6,90.2,0,54,46
1330505,2017,23.2,4.9,11,54.8,0,50.5,49.5
1330018,2017,13.8,3,12.4,61.4,0,53.6,46.4
1330025,2017,17.6,4.3,12.6,56.5,0,47.8,52.2
1350005,2017,2.1,2.1,3.4,91.6,0.4,52.7,47.3
1360007,2017,0.7,5.9,5.9,84.9,0.3,51.3,48.7
1360305,2017,0.5,7.7,3.9,84.9,0.8,49,51
1370045,2017,3,0,80,15.2,0,52.5,47.5
1370070,2017,1,0.3,89.3,8.3,0,54.7,45.3
1370040,2017,0.9,0.7,94.5,3.3,0,51.7,48.3
1370055,2017,3.2,1.8,78,15.2,0,50.1,49.9
1370015,2017,1.7,1.9,60.6,33.6,0.2,56.8,43.2
1370060,2017,3.9,1.3,79.1,14.6,0,57.3,42.7
1370025,2017,3.9,1.5,91.3,2.7,0,51.3,48.7
1370030,2017,1.9,0,91,6.3,0,54.4,45.6
4530005,2017,1.9,0.4,89.7,5.7,0,43.3,56.7
1380505,2017,1.1,1.9,2.9,92.4,1,48.3,51.7
1380010,2017,0.7,1.6,5.1,88.2,0.2,55.9,44.1
1390010,2017,0.6,13.1,3.3,77.7,0.4,53.9,46.1
1390015,2017,0.8,13.7,2.4,79.5,0.2,50.9,49.1
1390305,2017,0.9,11.5,1.4,84,0.2,47.7,52.3
1410030,2017,1,2.9,12.5,81.5,0,47,53
1410410,2017,1.3,1.4,7.8,86.4,0,47.6,52.4
1410015,2017,1.2,2.5,9.2,81.8,0,53.2,46.8
1410505,2017,1.7,2.1,5.8,88.5,0.3,48.9,51.1
1410007,2017,1.2,2,8.4,82.4,0,50,50
1420015,2017,2.9,0.7,1,94.5,0,54.9,45.1
1420305,2017,1,0.5,0.5,96.6,0,53.9,46.1
4350305,2017,3.5,7.4,6.6,77.8,0,48.4,51.6
1440305,2017,0.7,1.3,3.9,89.3,0,48.5,51.5
1440007,2017,1,2.3,5.3,89.6,0,50.3,49.7
1440015,2017,3.4,0.8,6.8,83,0.3,51.7,48.3
6900510,2017,1.9,1.8,2.7,91.9,0,52.4,47.4
1450020,2017,1.2,0.7,3.6,93.3,0.3,51.9,48.1
4630205,2017,68.1,0.4,29.7,0.4,0,54.5,45.5
4290010,2017,22.9,2.3,65.6,6.2,0.2,49.1,50.9
1480005,2017,2.4,0,1.5,96.1,0,45.6,54.4
1490015,2017,1.4,1.9,92.2,4.5,0,50,50
1490017,2017,0.7,0,97.4,1.8,0,49.6,50.4
1490009,2017,0.5,0,97.3,2,0,48.7,51.3
1490053,2017,0.8,0.5,90.5,7.4,0.2,50.9,49.1
1490080,2017,0.7,3.1,90.8,4.7,0,50.2,49.8
1490040,2017,1.4,0,95.9,2.5,0,52.3,47.7
1490525,2017,1.9,4.2,82.1,10.9,0,52.9,47.1
1490022,2017,1.5,1,93.7,3.1,0.2,50.8,49.2
1490025,2017,2.2,1.4,94,1.8,0,48.6,51.4
1490075,2017,0.3,0,97,1.7,0,52.6,47.4
1490048,2017,1.2,0.4,92.8,5,0,51.6,48.4
1490027,2017,0.9,0.2,91.7,6.5,0,52.2,47.8
1490018,2017,2.2,3,83.1,10,0,52.1,47.9
1490537,2017,2.3,0.6,84.7,11.9,0,79,21
1490004,2017,1.7,2.4,91,4.4,0,53.4,46.6
1490085,2017,1.3,2.4,92.1,3.7,0,46.7,53.3
1490090,2017,0.9,0,96,3.1,0,52.5,47.5
1490049,2017,1.2,0.3,96.8,1.7,0,53,47
4540205,2017,0.8,0,98,1.1,0,46.7,53.3
1500025,2017,0.6,2.4,10.7,82.1,0,47.9,52.1
1500505,2017,0,2,8.9,87.1,0,49.9,50.1
1510005,2017,5.3,2.8,8.1,80.8,0,55.7,44.3
1510015,2017,4,2,10.2,81.1,0,50.5,49.5
1520505,2017,0.7,5.3,6.4,85.3,0.2,45.5,54.5
1520015,2017,0.6,5.2,6.5,85.5,0,54.8,45.2
1530007,2017,5.5,1.2,37.3,51.8,0.3,50.7,49.3
1530010,2017,7.4,4.9,40.4,42.5,0,51.5,48.5
1530025,2017,11.3,4.4,27.3,52.7,0.6,52.1,47.9
1530030,2017,5.3,1.6,36.4,52,0,51.4,48.6
1530045,2017,7.5,1.9,29,59.3,0,53.1,46.9
1530320,2017,7.9,5,30,53.4,0.2,52,48
1540005,2017,1.5,3.7,5.9,81.6,0,58.1,41.9
1550008,2017,4.6,32.1,2.5,52,0,51.3,48.7
1550006,2017,5.3,40.9,3,48,0.2,51.7,48.3
1550015,2017,2.7,29.4,2.3,57.8,0,53.7,46.3
1550030,2017,3.9,43.9,3.2,42.8,0.2,50.1,49.9
1550305,2017,5.5,38.9,3.6,47.9,0.1,51.4,48.6
1550010,2017,6.4,41.5,3.4,40.6,0,47.1,52.9
1550035,2017,3.1,40.2,4,44.2,0,52.3,47.7
1550310,2017,3.2,34.9,2.5,53.1,0.1,49.1,50.9
1570305,2017,12.4,2.4,19.7,54.6,0,51,48.6
1570006,2017,7.5,4,18.6,65.2,0,50.6,49.4
1570025,2017,12.6,6,9.1,63.4,0.2,48.5,51.5
1580305,2017,0.6,7.1,1.7,87.2,0.6,46.7,53.3
1580015,2017,2.1,8.8,2.8,83.2,0,48.1,51.9
1590005,2017,1.2,18.5,3.3,72.1,0,50.5,49.5
1590010,2017,1.7,5.2,5.2,83.7,0,51.7,48.3
1590017,2017,4.2,9.9,5.1,77.2,0.3,52.7,47.3
1590305,2017,0.6,5.8,4.1,86.3,0.3,55.2,44.8
1590025,2017,2.8,11.4,7.5,72.3,0,52.6,47.4
1600020,2017,4.8,48.2,29.9,12.2,0.2,54.8,45.2
1600310,2017,7.7,26.2,28.4,33.2,0,48.6,51.4
1600090,2017,9.4,36.8,33.8,15.5,0.2,50.9,49.1
1600030,2017,3.6,59.7,12.3,19.7,0.4,53,47
1600080,2017,4.2,48,32.3,9.7,0.2,54,46
1600345,2017,7.5,16.4,42,31.1,0,51.4,48.6
1600002,2017,4.4,34.3,21.6,34.5,0.2,57.4,42.6
1600015,2017,10.2,14.2,40.1,31.3,0,51.3,48.7
1600330,2017,11.7,19.4,41.3,24.4,0,52.9,47.1
1600315,2017,3.9,43.2,18.2,29.5,0,51.4,48.6
1600340,2017,9.1,12.7,38.7,36.7,0,51.3,48.7
1600050,2017,4.3,29.5,36,25.8,0.2,51.4,48.6
1600010,2017,5.6,14.1,54.4,22.2,0,52.8,47.2
1600360,2017,4.3,53.8,29.1,10,0,52.5,47.5
1600085,2017,16.7,0,38.9,33.3,0,100,0
1600027,2017,3.6,16.5,38.2,34.9,0,49,51
1600036,2017,6.5,21.6,26.9,40.6,0,55,45
1600040,2017,4.4,7.8,37.7,46.4,0,48.5,51.5
1600018,2017,6,13.1,32.3,44.8,0,53.6,46.4
1600005,2017,9.4,23.9,37.9,24.7,0,53,47
1600075,2017,5.3,11.6,44.3,35.6,0,48.4,51.6
1600055,2017,5,47.7,21.7,18.6,0,55.8,44.2
4560050,2017,27.5,20.1,45.9,3.2,0,48.8,51.2
1610020,2017,0.9,0.3,12.1,83.2,0.9,46,54
1610305,2017,1.9,0.6,6.4,88.5,0.3,48.5,51.5
1610023,2017,3,0,7.9,85.5,0.5,56.3,43.7
1620305,2017,1.5,1,7.7,87.4,0.8,56.4,43.6
1620025,2017,1,1.3,7.3,86.5,0.8,50.8,49.3
1630016,2017,8.1,16.5,65.1,5.8,0.4,49.4,50.6
1630011,2017,15.8,5.4,33.6,36.3,0.8,47.9,52.1
1630405,2017,9.9,11,60.1,15,0.5,52.3,47.7
1630020,2017,10.6,12.1,55,16.3,0.4,51.1,48.9
1630090,2017,14.1,6.4,24.4,45.5,0,61.5,38.5
1630035,2017,10,6.9,76.9,4.2,0,50.7,49.3
1630045,2017,9.3,6.9,72.6,9,0,52.6,47.4
1630095,2017,6.6,10.5,40.5,36.4,0.9,53.5,46.5
1630525,2017,5.2,1.6,79.5,11.4,0.3,62,38
1630055,2017,8.8,7.8,63.6,17.3,0,50.1,49.9
1630060,2017,10.6,10.3,67,8.5,0.1,49.9,50.1
1630030,2017,16.9,8.4,46,21.7,0,54.4,45.6
1630070,2017,6.5,10.1,55.2,20.6,0,50,50
1630075,2017,1.2,2.5,17.8,65.6,1.8,49.1,50.9
1630420,2017,7,9.7,37.5,40,0.8,52.4,47.6
1630050,2017,6.9,7.5,77.4,5.7,0.2,51.2,48.8
1630085,2017,8.7,4.9,49,33.9,0,57.3,42.7
1630305,2017,9.5,8.6,66.9,11.4,0.5,52.3,47.7
1630100,2017,9.9,6.1,72.2,7.1,0,49.3,50.7
1630005,2017,12,6.2,74.4,3.8,0.2,49.8,50.2
1630080,2017,10.4,2.1,60.4,25,0,89.6,10.4
1630040,2017,6,13.3,73.2,4.6,0,50.6,49.4
1640010,2017,1.7,9.7,6.5,79.2,0,46,54
1640405,2017,1.3,3.7,4,88.5,0,51.1,48.9
1640020,2017,2.4,4.3,4.3,88.4,0,58.7,41.3
1650003,2017,14.5,37.5,11.6,32,0.1,48.9,51.1
1650013,2017,20.8,19,29.4,25.9,0.3,49.1,50.9
1650027,2017,19.4,9.6,24.4,41.2,0,50.7,49.3
1650047,2017,20.7,21.9,17.2,36,0.3,53.2,46.8
1650057,2017,22.8,19.3,31,23.4,0.2,52,48
6980020,2017,0,0.4,1.3,95.6,0,50.2,49.8
6980030,2017,0,2.1,0.8,96.4,0,51.3,48.7
6980010,2017,0.3,0,1.1,98.1,0,51.8,48.2
1670035,2017,2.9,4.9,3.8,84.5,0,51.8,48.2
1670014,2017,3.4,5.9,5.4,83.2,0.1,53.2,46.8
1680020,2017,1.2,1.5,5.9,88.6,0,56.6,43.4
1680010,2017,1.2,3,9.6,80.8,0,50.9,49.1
1680005,2017,2.6,2.2,10.9,80.5,0,55.4,44.6
1680300,2017,2.6,1.2,5.6,87.9,0,47.5,52.5
1680016,2017,4,1.3,5.7,86.1,0.3,52.8,47.2
4640305,2017,2.6,2.6,2.2,90,0.9,57.4,42.6
1690005,2017,2.4,1.7,2,87.6,0.2,51.5,48.5
1700045,2017,2.9,2.8,46.1,44.5,0,51.8,48.2
1700030,2017,2.3,7.4,42.1,45.9,0.5,51.6,48.4
1700008,2017,5,2.3,40.4,49.3,0,52.7,47.3
1700025,2017,4.2,2.5,54,35.2,0.2,49.6,50.4
1710015,2017,0.5,1.8,3.2,92.1,0.3,49.6,50.4
1710005,2017,0,0,0.4,97.6,0,61.8,38.2
1710310,2017,0.1,1,2.7,94.9,0.1,52.7,47.3
1710020,2017,0.5,0.2,2.6,93.6,0,49.6,50.4
1710025,2017,0.5,2.9,4.5,89.6,0.9,50.9,49.1
1710010,2017,0.6,0.3,3,92.5,0,50.7,49.3
4660550,2017,4.6,1.7,4.6,78,0,43.4,56.6
4920005,2017,41.8,1.9,48.9,1.9,0,51.1,48.9
7050405,2017,0.5,3.7,1.8,91.2,0.2,47.1,52.9
1720020,2017,4,2.2,3.6,81.2,5.8,50.2,49.8
1720035,2017,3.2,2.4,2.2,79.4,7.1,49.4,50.6
39010900,2017,11.1,2.2,16.8,64.3,0.3,44.8,55.2
4690505,2017,45.9,1.3,46.7,3.5,0.5,47.7,52.3
1730005,2017,0.9,1.7,3,91.1,0,51.9,48.1
1730010,2017,1.9,1.9,3.3,89.2,0,55.7,44.3
1740305,2017,2.5,1.8,12,80.7,0.2,52.2,47.8
1740010,2017,1.6,1.2,12.7,78.3,0,52.2,47.8
1740505,2017,4.8,3.8,11.2,76.9,0.2,49.2,50.8
1750005,2017,0.8,3.5,4.6,86.4,0.5,52,48
1750007,2017,0.9,2.6,8,85.3,0.9,54.9,45.1
1750305,2017,0.6,4.3,1.9,89.8,0.2,50,50
1760130,2017,8.7,4.4,4,76.9,0,52.5,47.5
1760140,2017,20.4,5.4,12.9,56.6,0,52.3,47.7
1760068,2017,13.8,13.8,11,53.5,1.1,48.5,51.5
1760320,2017,15.3,12.6,14.3,54.6,0.4,52.7,47.3
1760315,2017,8.9,5.1,6.9,74.3,0,52.4,47.6
1760150,2017,8.5,13,10.3,62.6,0.5,50.9,49.1
1770015,2017,1.4,2.4,3.6,88.8,0,46.9,53.1
1770305,2017,1.8,3.9,3.2,89,0.4,49.7,50.3
1780017,2017,2.4,4.8,5.6,81.7,0,51.4,48.6
1780025,2017,3.4,1.9,2.3,89.1,0,44.9,55.1
1780020,2017,8.1,9.1,10,67,0,49.8,50.2
1780305,2017,6.1,4.4,2.3,82.9,0,50.4,49.6
1780035,2017,6.1,5.1,6.1,77.9,0,51.7,48.3
1780050,2017,5.6,2.7,2.1,85.8,0,52,48
7100179,2017,0,0.2,4.7,93.5,0,51.6,48.4
7100001,2017,0.5,5.5,3.9,87,0,55.1,44.9
7100015,2017,0.6,2.3,4.7,89.4,0,48.7,51.3
1810050,2017,1,6,33.6,55.2,0,49.5,50.5
1810060,2017,0.7,3.9,46,43.6,0.1,52.1,47.9
1810030,2017,0.5,2.7,25.9,66.3,0,52.7,47.3
1810055,2017,0.1,3.1,47.8,43.2,0,54,46
1820008,2017,1.7,1,4.2,85.5,0.5,53.6,46.4
1820305,2017,1.8,1.3,4.1,89.1,0.9,49,51
1820010,2017,2.9,0.7,2,90.1,0.9,51,49
1840005,2017,0.8,4.8,4.6,85.6,0,53.8,46.2
1850305,2017,2.8,2.4,24.6,65.8,1.1,52.4,47.6
1850090,2017,2.5,2.1,27.4,61.2,3,52.7,47.3
1860017,2017,2,2.8,6.6,82.2,0,54.5,45.5
1860505,2017,2.5,1.9,7.4,84.9,0.3,49.2,50.8
1860025,2017,1.6,3,8.2,81.9,0,49.4,50.6
1870005,2017,0.6,0.6,5,88.7,0.4,49,51
1870020,2017,1.9,3.3,6.5,85.1,0,57.1,42.9
1890410,2017,16,4.8,4.7,70.7,0.3,50.5,49.5
1890005,2017,3.3,7.4,3,83.3,0,54.3,45.7
1890007,2017,7.9,8.3,3.8,75.8,0.2,52.1,47.9
1890010,2017,8,4.4,3.7,79.3,0,52.3,47.7
1890020,2017,40.7,6,7.6,38.2,0,49.4,50.6
7170005,2017,0.4,0,4.6,90.7,0.8,49.8,50.2
7170010,2017,1.8,0,2.7,94.6,0,42,58
7170505,2017,0.5,1.2,2.8,91.5,0.2,49.8,50.2
7170020,2017,0,0.7,2.8,93,0.7,56.6,43.4
7120001,2017,5.1,0.4,6.2,83.9,0,48,52
7120002,2017,4.4,0.5,7.1,81.8,0.7,51.4,48.6
7120515,2017,6.5,2.2,3.5,83,0.7,50.1,49.9
7120315,2017,4.5,0.9,8.5,80.3,0.7,47.9,52.1
1910310,2017,1,0.6,1.6,93.6,0.3,49.2,50.8
1910025,2017,1.1,1.1,2.4,93.4,0.3,53.3,46.7
7150505,2017,1.4,1.1,2.5,90,0.2,49.3,50.7
4700105,2017,17,17.2,7.8,53.4,0.3,48.5,51.5
1960010,2017,0,0,0,100,0,50.7,49.3
1970010,2017,11.9,1.2,23.2,57.9,0,49.4,50.6
1970005,2017,9.6,2,33.6,51.9,0,51.6,48.4
7200005,2017,0.7,0.4,5.1,89.2,0.4,55.6,44.4
7200305,2017,1,0.2,5.2,90.5,0,52,48
7200003,2017,1.2,0,4.9,88.3,0.6,53.4,46.6
7250020,2017,0.7,4.4,3.4,89.5,0.3,50.1,49.9
7250025,2017,0.4,4.1,3,89.8,0,49.4,50.6
7250310,2017,1.4,4.2,2.4,91.6,0,52.3,47.7
7250305,2017,3.2,2.4,4,87.4,0,53.8,46.2
7250010,2017,0.8,1.2,6.6,88.5,0.2,52.4,47.6
1980005,2017,2.4,10.9,2.6,76.6,0,50.5,49.5
1980010,2017,1.2,23.7,9.3,61.4,0.2,54.2,45.8
1980305,2017,1.8,9.7,3.2,80.7,0.2,48.2,51.8
1980031,2017,2.3,3.6,4.5,81.1,0,56.3,43.7
1980035,2017,3.1,9.4,6.7,76.3,0,48.4,51.6
1980043,2017,1.2,4.8,3.5,85.5,0,54.8,45.2
1980310,2017,3.3,5.6,6.1,78.2,0.1,49.9,50.1
6600305,2017,3.6,1.9,3.7,88,0.4,50.5,49.5
1990005,2017,1.1,7.4,6,79.9,0,47.7,52.3
1990410,2017,1.9,7.1,6.7,78.6,0,47.5,52.5
1990035,2017,3.8,10,7,72.9,0,51.9,48.1
1990020,2017,5.4,13,7.4,70.2,0,48.7,51.3
1990050,2017,4,8.8,6,75.1,0,51.3,48.8
1990405,2017,1.9,8.7,3.9,80.5,0.2,48.7,51.3
1990040,2017,1.2,7.5,4.2,82.4,0,48.9,51.1
4440205,2017,51,4.4,16.2,21,0.9,50.5,49.5
2010095,2017,8.9,0.5,32.7,51.3,0.3,51.7,48.3
2010063,2017,11.9,0.4,65.3,18.8,0.4,53.8,46.2
2010140,2017,6.4,2.7,15.2,65,0.3,45.8,54.2
2010105,2017,16,1,50.9,27,0.5,54.3,45.7
2010123,2017,6.4,1.4,16.1,70.5,0.1,56.4,43.6
2010010,2017,4.2,0.9,22.7,68.3,0.3,53.5,46.5
2010015,2017,9.3,1.7,31.8,50.5,1.4,46.4,53.6
2010075,2017,10.1,1.4,59,22.9,0.7,49.3,50.7
2010020,2017,5.5,1.5,33.1,53.1,0.4,48.4,51.6
2010078,2017,10.9,0.3,54.7,28.3,1,52.3,47.7
2010040,2017,11.8,0.3,42.6,37.9,0.5,43.1,56.9
2010130,2017,3,1.7,18,75.1,0,49.4,50.6
2010115,2017,15.2,0,37.4,39.7,0.3,55.2,44.8
2010050,2017,13,0.9,41.4,41.7,0,52.1,47.9
2010070,2017,13.9,0,52,30.3,0.5,48.5,51.5
2010405,2017,14.9,1.1,36.9,40.2,0.6,51.3,48.7
2010410,2017,7.3,1.1,33,53.1,0.6,53.1,46.9
2010124,2017,17.8,0,59.9,18.6,0,41.3,58.7
2010415,2017,15,0.5,39.9,38.3,0.4,51.8,48.2
2010045,2017,20.1,0.9,30.8,38.2,0.1,57.8,42.2
2010125,2017,6,3.2,36.9,49.3,0,57.6,42.4
2010510,2017,7.9,0,41.3,46,1.6,68.3,31.7
2010515,2017,22.7,0.9,41.8,26.4,0,73.6,26.4
2010135,2017,7.4,0,17.7,67.5,0,48.9,51.1
35130305,2017,86.9,1.3,8.3,2.2,0,52.7,47.3
7280015,2017,0,1.2,4.7,88.2,0,51.5,48.5
2040030,2017,2.1,2.7,2.7,90.6,0,51.4,48.6
2040005,2017,1.1,1.2,2.8,94.1,0.2,50.4,49.6
2040305,2017,0.4,1.5,1.5,94.6,0,53.9,46.1
2070005,2017,3.3,14.7,5.2,70.3,0,46.3,53.7
2070305,2017,5.9,15,9.7,61.9,0.8,48.8,51.2
2070015,2017,6.7,28.8,4.6,54.2,0.2,52.3,47.7
2070020,2017,3.5,20.4,10.9,59.5,0.2,51,49
2070025,2017,3.8,13.3,5.5,71,0,46.8,53.3
2070310,2017,3.9,21.1,6.1,62.8,0.1,54.4,45.6
2070040,2017,3.7,22.7,7.8,58,0.2,47.5,52.5
2070315,2017,6.5,13.6,7.9,64.6,0.2,53.9,46.1
2070055,2017,3.4,12.6,8.7,70.6,0.2,45.7,54.3
2070075,2017,3.8,18.2,8.4,61.9,0,55.9,44.1
2070120,2017,3.2,15.4,3.2,70.8,0,45.2,54.8
2070070,2017,8.7,17.3,13.9,54.6,0,48.6,51.4
2070080,2017,1.4,13.2,3.6,75,0,53.5,46.5
2070105,2017,2.6,25.6,7,58.6,0,52,48
2070320,2017,5,22.1,6.4,58.8,0.2,45.4,54.6
2070100,2017,4.3,19.1,8.7,60.9,0,51.2,48.8
2070115,2017,3.8,17.9,11.8,63.6,0,47.6,52.4
2070125,2017,3.1,25.6,9.9,57,0.3,56.7,43.3
2070130,2017,4.7,18.1,5,64.4,0.3,52.2,47.8
2080005,2017,1.4,1.6,3.6,90.1,0,53.7,46.3
2090035,2017,2.6,0.3,7.2,82.8,0,50.1,49.9
2090008,2017,4.8,0.3,3.9,86,0,50,50
2090505,2017,3.4,0,5.9,82.9,0.2,47.6,52.4
2090015,2017,2.6,2,8.6,78.1,0,53.3,46.7
2110018,2017,1.6,6.7,4.5,82.4,0.7,51.8,48.2
2110001,2017,6.4,11.5,14.8,63.8,0.2,51.2,48.8
2110010,2017,1.7,13.4,6.7,74.8,0.6,55.6,44.4
2110015,2017,3,6.4,6.4,79.4,0,55.4,44.6
2110305,2017,3,7.4,8.6,78.8,0.2,52.1,47.9
2110020,2017,3.3,5.8,16.9,69.6,0,49.2,50.8
2120007,2017,3,8.4,5.6,80,0.5,49.6,50.4
2120030,2017,7.4,3.6,7.1,72.4,0.3,52.8,47.2
2120010,2017,2.8,4.6,5,83.3,0,52.5,47.5
2120013,2017,2.8,5.9,2.8,84,0,49.6,50.4
2120305,2017,2.2,6,4.2,84.1,0.3,52.5,47.5
2120015,2017,0.6,6.7,2.6,85.3,0,45.2,54.8
2150015,2017,0.6,0,3.6,91.8,0,58.4,41.6
2150505,2017,1.3,0.9,5.7,89.6,0,43.9,56.1
7350010,2017,1.4,0,0.9,97.7,0,56,44
7350030,2017,0.6,1,3.9,90.4,0,48.2,51.8
7350310,2017,1.1,1.7,3.6,90.5,0.2,54,46
7350005,2017,1.9,1.9,5.6,87.6,0.2,49.9,50.1
7350035,2017,2.1,0.7,4.4,87.7,0.2,53.1,46.9
2170003,2017,0.6,4.3,4.3,85.4,0,54.7,45.3
2170010,2017,1.5,5.3,1.8,88.6,0,51.3,48.7
2170005,2017,0.2,3.4,4.5,89.5,0,48.4,51.6
2170305,2017,0.7,2.8,2.1,91.1,0,49.3,50.7
2100005,2017,2.6,6,17.7,64.3,0.8,55.6,44.4
2100020,2017,6.1,6.7,20.3,57,0,46.7,53.3
2100410,2017,2.7,2.4,16.8,72.3,0.3,48.6,51.4
2100025,2017,1.5,2.1,18.6,70.5,0.3,54,46
2100029,2017,1.8,3.9,19.3,69.7,0,53.1,46.9
2130015,2017,2.5,13,10.9,70.3,0,54,46
2130003,2017,1.5,10.7,1.9,80.5,1.1,47.5,52.5
2130014,2017,0.7,15.2,11.9,67.3,0.4,52.8,47.2
2130020,2017,2,14.9,8.6,71,0,52.5,47.5
2130305,2017,1.4,9.5,4.8,79.3,0.6,54,46
2140305,2017,0.5,1,5.7,89,0,53.8,46.2
2140001,2017,0.4,0.6,8.9,85.6,0,49.5,50.5
2180060,2017,2.1,2.4,4.6,85,0.3,46.9,53.1
2180015,2017,1,1.2,2.7,89.3,0.7,51.4,48.6
2180010,2017,3,1.9,7.3,83.2,0.3,53.8,46.2
2180305,2017,1.7,1.8,2,91.9,0,50.5,49.5
2190005,2017,0.4,1.9,1.9,92.2,0.2,57.3,42.7
2190405,2017,1,2.1,1.5,94,0,45.1,54.9
2190020,2017,0,1.6,1.8,93.3,0,54.4,45.6
2200005,2017,10.9,3.5,27.4,55.1,0,50.5,49.5
2200025,2017,6.1,20.7,2.4,68.7,0,50.8,49.2
2200010,2017,9.4,5,7.9,74.8,0,48,52
2200305,2017,10.4,5.3,11.3,70.8,0,50.5,49.5
2200015,2017,6.5,10.9,5.9,74.7,0,50,50
2200020,2017,12,7.7,8.1,70.9,0,50.4,49.6
2210005,2017,3.9,1.1,20.6,64.3,2.5,47.6,52.4
7400405,2017,3.3,1.2,1.2,90.4,0,49.1,50.9
2230010,2017,1.5,0.6,7.2,87.7,0,58.1,41.9
2240005,2017,3.3,3.3,2.3,89.8,0,54,46
2260005,2017,1.9,0.5,10.6,81.8,0,51.8,48.2
2260505,2017,1.9,1.7,9.5,82.9,0.4,49.6,50.4
2260405,2017,2.4,1.4,9.7,81.8,0.2,49.8,50.2
2270305,2017,2.8,0.4,8.9,83.5,0,58.1,41.9
2270008,2017,2.9,2.3,12.7,77.5,0,49.2,50.8
2270505,2017,2.9,1.9,6.2,87,0,53.7,46.3
2290005,2017,2.4,1.6,13.3,80.2,0,56.1,43.9
2290015,2017,9.6,2.6,9.1,76.2,0,51.6,48.4
2290305,2017,3.4,1.6,14,78.9,0,52.2,47.8
2290007,2017,0.4,1.5,2.9,92.7,0,48.4,51.6
2290016,2017,2.3,2.8,7.4,85,0,56.7,43.3
2290035,2017,2.8,1.9,6.7,85.8,0,48.2,51.8
2290010,2017,4.4,0.8,17.1,75.8,0,48.8,51.2
2290045,2017,1.3,1.3,2.1,94.5,0,53.8,46.2
2290027,2017,5.9,0.8,32,58.6,0,50,50
2300005,2017,3,1.5,7.6,83.3,0,50.8,49.2
2310003,2017,1,0.4,0,96.1,0.2,51.8,48.2
2310010,2017,0.9,0.2,0.2,98.4,0,57.5,42.5
2310015,2017,0.3,1.7,0.7,94.3,0.2,51,49
2310305,2017,0.8,1.2,1.2,95.8,0,49.6,50.4
7450015,2017,0.6,2.3,1.1,94.8,0,49.4,50.6
7450005,2017,0.6,0.6,3,94.5,0,54.7,45.3
7450010,2017,0,0.4,4.5,92.6,0,53.9,46.1
7450405,2017,0.9,2.8,2.4,92.4,0,52.9,47.1
2340005,2017,0,0.8,2.4,91.1,0,53.2,46.8
4940205,2017,29.7,10.3,29.1,29.3,0.9,51.2,48.8
35060505,2017,35.1,11.5,21.1,29.8,1.2,45,55
7500006,2017,0.6,0,1.7,90.3,0,47.2,52.8
7500008,2017,0,0,2.7,95.7,0,50,50
7500007,2017,0,2.6,5.1,92.3,0,41,59
7500505,2017,2,1,1.7,92.9,0.2,48.7,51.3
7500009,2017,0,1.8,0,98.2,0,49.1,50.9
4970205,2017,4.7,17.6,6.2,58.4,0,46.3,53.5
4790505,2017,8.3,2,13.6,68.8,0.3,32.2,67.3
2360010,2017,6.7,1.4,12.4,68.4,1.1,52.8,47.2
2360065,2017,13.4,1.8,16.4,57.4,0.2,58.5,41.5
2360035,2017,7.5,1.3,9.8,75.1,0,48,52
2360305,2017,11.9,0.7,12.6,64.7,0.2,49,51
2360055,2017,14.6,1.2,17.5,54.2,0.5,49.9,50.1
2360045,2017,2.9,0,5.7,81.3,0,45,55
2360105,2017,20.2,0.6,21.8,40.1,1.1,49.7,50.3
2360090,2017,3.8,1.7,8.5,78.3,0,53.6,46.4
2360310,2017,10.7,1.7,11.3,69.3,0.2,50.6,49.4
2360100,2017,4,5,5.9,78.3,0,51.4,48.6
2380010,2017,2,5.4,6.9,82.8,0.2,52.2,47.8
2380005,2017,1.6,4.6,5.6,85.6,0.7,52.3,47.7
2390005,2017,0.8,2.4,10.9,80.2,0,49.2,50.8
2390011,2017,5.8,0.7,7,82,0,53.2,46.8
2390010,2017,1,3.8,7.1,78.1,0,53.3,46.7
2390012,2017,0.5,0,2.1,95.4,0.2,51.2,48.8
2390015,2017,0.7,0,3,91.8,0,52.6,47.4
2390030,2017,1.4,2.2,4.7,87.3,0.2,50.8,49.2
2390405,2017,2.4,1.7,3.6,87.4,0,54.3,45.7
2390305,2017,0.7,0.7,2.2,93,0.2,51.9,48.1
2390046,2017,1.6,0.4,4.6,88.3,0.5,51.2,48.8
2390047,2017,2.8,1,5.4,86.6,0.3,55.5,44.5
2400010,2017,0,0.5,1,97.1,0,48.8,51.2
4870550,2017,55,8.5,20.8,12.3,0.4,50.6,49.4
2420020,2017,20.2,0,16.3,54.3,0,51.2,48.8
7530005,2017,0.5,0,8.2,89.7,0.5,54.6,45.4
7530010,2017,0.6,0.6,1.6,96.8,0,45.6,54.4
7530025,2017,0,0.7,2.7,95.3,0,45.6,54.4
7530405,2017,0.2,0.5,4.5,91.5,0,49.3,50.7
7530030,2017,0,1.4,5.2,90.5,0,50.8,49.2
7780305,2017,0.4,0,5.9,91.6,0,48.5,51.5
7780005,2017,0.8,0,7.2,89.4,0,49.2,50.8
7780010,2017,0.3,0,5.2,90.2,0,51.8,48.2
2430040,2017,4.1,6,6.3,78.4,0,53.7,46.3
2430305,2017,4.5,50.4,1.9,38.7,0.4,47.4,52.6
2430020,2017,0.6,38.3,1.4,57.7,0,48.6,51.4
2430310,2017,6.9,16.3,4.8,67.7,0.5,52.3,47.7
2430315,2017,2.8,41.5,2.8,49.9,0,52.9,47.1
2430025,2017,1.5,23.7,5,62.9,0,49.1,50.9
2430055,2017,11.3,41.4,7.8,34.6,0,52.7,47.3
2430075,2017,3.4,73.7,3.4,17,0,57.3,42.7
2430035,2017,11.4,32.1,10.2,40.6,0.4,56.9,43.1
2430060,2017,7.4,22.3,2.9,65.7,0.3,51.1,48.9
2430065,2017,2.3,58.3,4.2,31.5,0,50.3,49.7
2430325,2017,10.7,36.4,8.4,40.6,0.3,55.8,44.2
2430320,2017,13.2,26.8,10.6,44.4,0.6,52.6,47.4
2430090,2017,11.7,36.7,7.7,40,0,54.7,45.3
2430095,2017,3.6,26.6,3.8,62.7,0.3,50.9,49.1
2430110,2017,3.3,62.1,1.2,32.2,0,49.7,50.3
7550505,2017,2.4,1.3,6.8,84.6,0.5,50.7,49.3
2440020,2017,47.6,12.5,13.2,20.3,0.7,53.7,46.3
2440018,2017,54.5,13,13.2,14,0.2,57.4,42.6
2440015,2017,46.3,22.8,8.5,16.1,0.2,52.8,47.2
2440040,2017,47.5,18.8,16.6,10.9,0,54.4,45.6
2440410,2017,47.9,16.4,14.4,15.9,0.3,51.5,48.5
2460002,2017,1.8,3.9,1.8,88.3,0.3,47.7,52.3
2460305,2017,1.9,4.3,1.1,90.8,0,53.9,46.1
2460005,2017,1.6,2.1,1,91.6,0.3,54,46
2460017,2017,3.5,6.4,0.5,87.2,0,53.4,46.6
2460010,2017,4.5,6.6,7.1,77.9,0.2,52.5,47.5
2460310,2017,2.3,4.5,2.3,89.5,0.3,51.7,48.3
2460020,2017,2.5,4.4,3.5,87.3,0,51.7,48.3
2480003,2017,2.5,5.5,40.7,48.9,0,52.5,47.5
2480025,2017,4.8,4.8,43,45.9,0,51.1,48.9
2480013,2017,4.1,2.2,47.8,44.6,0,55.4,44.6
2480056,2017,2,6.3,62.9,27.5,0.1,48.6,51.4
2480057,2017,3.1,6.8,55.1,32.5,0.4,48.6,51.4
2480050,2017,3.6,6.5,42.5,42.3,0.2,49.2,50.8
2480014,2017,4.4,4.9,41.3,45.7,1,54.8,45.2
2480035,2017,4.5,3,58.8,30.6,0.3,49.6,50.4
2480305,2017,4.1,4.7,54.6,33.9,0.5,46,54
2490005,2017,2.9,0,5.2,89,0,44.5,55.5
4830305,2017,1.1,3,2.1,89.6,0.5,48.1,51.9
4820050,2017,0.3,3.8,2.8,89.2,0.3,41.7,58.3
2500005,2017,1.5,0,1.5,91.4,0,53.2,46.8
2510060,2017,3.9,1.5,11.7,79.5,0,47.6,52.4
2510305,2017,5,1.2,10.1,79.1,0,51.3,48.7
2510020,2017,4.4,1.1,12.4,77.5,0,51.3,48.7
2510025,2017,7.6,1.3,15.1,73,0,55.3,44.7
2520005,2017,0,2.2,1.5,94.3,0,53.1,46.9
2520305,2017,0.9,1.3,0.9,92.1,0,52,48
2530005,2017,0,0,3.4,91.5,0,45.8,54.2
4840505,2017,56.4,0.8,40.7,0.7,0.1,50,50
4410505,2017,29.8,4.1,37.6,23.5,0,50.1,49.9
2580003,2017,8.3,1.2,27.5,56.3,0,49.2,50.8
2580015,2017,4.6,1.3,26.4,61.9,0,47.3,52.7
2580305,2017,5.7,2.8,33,54.9,0,52.7,47.3
2580030,2017,7.7,0.7,39.4,45.6,0,52.3,47.7
2580025,2017,5.9,2.7,69.1,19.8,0.2,53.4,46.6
2580050,2017,3.5,2.4,30.4,56.7,0,47.8,52.2
2580070,2017,5.8,5.2,24.6,60.5,0,54.9,45.1
4850485,2017,8.8,5.4,36.7,47.3,0,45.5,54.5
2610025,2017,1.2,1.8,1.8,93.8,0.8,49.1,50.9
2610305,2017,1.3,2.6,0.6,93.8,1.1,51.7,48.3
2620305,2017,4.8,3.2,13.7,76.4,0.5,51.5,48.5
2620067,2017,2.9,7.3,13.1,72.8,0.5,50.5,49.5
2620040,2017,2.6,9.8,17,69.8,0,47.7,52.3
2620050,2017,4.7,4.2,18.7,66.8,0.5,54.7,45.3
2620065,2017,3.7,4.1,18.7,71.9,0.2,52.8,47.2
2630010,2017,2,0,4.1,93.9,0,46.9,53.1
2640007,2017,2.2,1.1,0.8,94.8,0.3,54.8,45.2
2640305,2017,3.5,1.7,0.4,93.3,0,48.6,51.4
2640010,2017,2.6,1.3,1,93.9,0,52.1,47.9
2640015,2017,2.2,0.9,1.1,94.2,0,49.2,50.8
2640020,2017,3.5,0.9,1.4,91.6,0,54.3,45.7
2650405,2017,1.3,2.7,4.8,88.4,0.2,49.7,50.1
2650007,2017,2.1,2.7,7.1,83.8,0,50.1,49.9
2650015,2017,2.2,3.1,3.1,88.7,0,50.1,49.9
4860105,2017,47.1,0.1,41.5,7.6,0,52.9,47.1
2660005,2017,3,27.2,3,59.2,0.2,51.2,48.8
2660010,2017,4.2,26.7,6.8,57.8,0,50.5,49.5
2660015,2017,2.1,33.3,3,54.1,0.2,52.2,47.8
2660305,2017,3.9,28,5,58.5,0.1,51.3,48.7
2690010,2017,1.9,8.6,2.3,80.9,0,53.1,46.9
2710015,2017,2.7,30.3,14.2,47.4,0.2,51.1,48.9
2710020,2017,1.5,46.3,7.8,40.2,0.4,50.1,49.9
2710030,2017,1.8,26.1,8.1,60.2,0.3,50.9,49.1
2710305,2017,2.8,27.9,6.3,59.8,0.2,50.5,49.5
2710035,2017,1.1,23.4,5.4,64.5,0,49.2,50.8
2710025,2017,0.5,17.2,7.7,70.2,0.3,55.5,44.5
2720005,2017,0.8,0,6.6,81.8,0.8,42.1,57.9
4770010,2017,2.8,2.5,18.7,74.3,0.2,51.3,48.7
7600405,2017,1.2,1.2,0.7,96.3,0,51.8,48.2
4740505,2017,4.3,2.2,16.8,75.1,0,47.6,52.4
2730005,2017,1.5,0,2.7,93.6,0,52.7,47.3
2730008,2017,1.6,1.2,3.6,91.9,0,49,51
2730305,2017,1,0.2,3.4,92.7,0.2,52.8,47.2
2730015,2017,0.8,0.4,5.3,90.6,0,49.2,50.8
2740087,2017,5.7,10.3,39.4,41,0,51.1,48.9
2740075,2017,13.8,6.8,48.4,28,0,49.5,50.5
2740015,2017,0,9.7,8.5,72,0.4,49.2,50.8
2740111,2017,4.4,3.2,71.3,18.6,0,51.6,48.4
2740083,2017,10.2,5.5,17.4,61.6,0,54.6,45.4
2740410,2017,18.8,0,68.8,12.5,0,68.8,31.3
2740115,2017,13.8,4,20.7,55.7,0,53.8,46.2
2740120,2017,12.6,8.2,53.5,22.9,0,55,45
2780305,2017,2,1.8,12.5,79.5,0,49.6,50.4
2780020,2017,1.4,1.6,15.7,79.4,0.2,49.3,50.7
4880550,2017,25.1,4.6,2.8,62.5,0.3,50.5,49.5
2750005,2017,0.4,1.5,4.4,90.8,0.2,51.5,48.5
2760050,2017,1.6,18.4,6.9,67.3,0,50.6,49.4
2760020,2017,0.3,16.1,6.4,71.5,0.3,50.7,49.3
2760305,2017,0.4,14.4,4.4,77.6,0,50.5,49.5
2770005,2017,3.1,1.4,46.6,45.1,0.2,52.3,47.7
2770315,2017,1.4,1,57.8,37.7,0.6,51.9,48.1
2770020,2017,1.4,2.3,52.2,41.3,0.7,49.4,50.6
7650505,2017,0.7,0,6.8,87,0,51,49
7650018,2017,0,0,1.1,92.2,3.3,50,50
7650035,2017,1.2,0,7.6,85.8,0.3,53,47
7660215,2017,0,0,1.2,92.7,1.2,52.4,47.6
7660315,2017,2.3,1.3,5.9,88.8,0,48.7,51.3
7660505,2017,1.9,0.4,3.8,92.8,0,50.6,49.4
7670008,2017,0.9,0.5,6.1,87.3,0.5,54.2,45.8
7670415,2017,1,0.5,9.7,85.3,0.2,54.8,45.2
7670040,2017,0.9,1.4,8.8,85.3,0,49.3,50.7
2810095,2017,25.3,0.2,48.4,21.9,0,47,53
2810175,2017,13.8,9.1,54,20.3,0,50.7,49.3
2810165,2017,30,1.9,48.1,16.3,0.4,53,47
2810360,2017,19.6,0,73.9,6.5,0,69.6,30.4
2810025,2017,16.4,0,82.4,1.2,0,52,48
2810365,2017,8.7,0.3,88.3,2.3,0.3,54,46
2810366,2017,12.9,0.3,83.9,2.8,0,49.5,50.5
2810367,2017,21.1,2.8,60.4,13,0.4,43.9,56.1
2810475,2017,25.8,0,61.4,11.6,0,24,76
2810035,2017,20.3,1.5,60.8,15.5,0,49.3,50.7
2810010,2017,10,1.3,78,8.9,0.1,56.3,43.7
2810030,2017,24,0.3,64.9,8.4,0.8,51.7,48.3
2810325,2017,17.8,7.8,67.8,5.3,0.1,48.9,51.1
2810075,2017,25.1,1,55.2,17.1,0,55.9,44.1
2810080,2017,19.7,3.2,56.9,17,0,51.2,48.8
2810195,2017,14.5,0.7,80.7,3.6,0,49.9,50.1
2810065,2017,14,2.3,66.8,14.3,0,53.8,46.2
2810068,2017,22.8,3.6,53.8,17.5,0,50.1,49.9
2810050,2017,27.9,1.2,57.6,12.4,0,49.8,50.2
2810085,2017,24.1,1.6,64.2,9.2,0,52.5,47.5
2810100,2017,17,1.7,62.6,15.6,0,52.9,47.1
2810328,2017,19.1,0.7,70.6,8.5,0.2,54.9,45.1
2810320,2017,27.4,2.5,53.6,15.5,0,58.3,41.7
2810110,2017,21.2,5.2,67.6,4.6,0,51.3,48.7
2810115,2017,8.7,2.1,74,14.6,0,48.6,51.4
2810120,2017,10.1,0.2,85.6,3.2,0,57.4,42.6
2810330,2017,21.2,3,62.4,12.6,0.2,53.3,46.7
2810125,2017,14.5,7.2,52.1,23.2,0,47.3,52.7
2810140,2017,18,0,73.3,7.5,0,47.7,52.3
2810155,2017,14.3,1,68.8,13.6,0,55.2,44.8
2810145,2017,11.4,2,69.7,15.2,0.2,51.6,48.4
2810023,2017,16.7,0,80,2.8,0,52.3,47.7
2810055,2017,28,0.3,65.2,5,0.1,51.1,48.9
2810020,2017,16.8,0.3,68.5,12,0,51.4,48.6
2810355,2017,14.2,0.4,81.7,2.4,0,49.6,50.4
2810005,2017,25.9,0,59.3,14.8,0,81.5,18.5
2810345,2017,25,0,64.3,10.7,0,87.5,12.5
2810350,2017,25.7,1.4,59.7,13.2,0,64.9,35.1
2810160,2017,17,4.7,61.3,13.9,0.2,52.3,47.7
2810205,2017,25.2,1.4,47,25.4,0,51.6,48.4
2810015,2017,23.8,1.2,61,11.5,0,51.1,48.9
2810480,2017,19.1,1.8,69.1,8.5,0,52.7,47.3
2810485,2017,11.8,2.5,72.9,12.3,0,55.6,44.4
2810180,2017,16.5,2.9,60.6,16.1,0.7,53.4,46.6
2810185,2017,19.6,7.1,58.3,11.3,0,54.6,45.4
2810190,2017,16.3,4.9,68.8,8.7,0,51.2,48.8
2810045,2017,16.1,0,79.5,3,0.3,49,51
2840005,2017,1.5,3.8,5.3,85.3,0,57.1,42.9
2840025,2017,0.8,7.1,8.2,82.1,0.3,50.8,49.2
2840030,2017,2.7,3.6,7.8,79.9,1.2,48.5,51.5
2840405,2017,1.6,4.5,7.1,83,0,50.6,49.4
2850010,2017,18.1,2.4,10.9,63.3,0,48.8,51.2
2850025,2017,12.1,6.1,7.2,66.9,0,51.2,48.8
2850014,2017,26.5,9.8,10.6,48.7,0,56.9,43.1
2850405,2017,22.8,6.6,8.9,57.2,0.1,51.2,48.8
2850015,2017,19.6,10.6,6.3,55.3,0.4,49.4,50.6
2850020,2017,21.8,4.1,16.8,49.3,0.6,50.4,49.6
2870005,2017,0.5,1.4,4.6,89.2,0.3,56.1,43.9
2880305,2017,2.3,6.6,3.1,84.1,0,51.5,48.5
2880025,2017,5.3,9,2.2,75.1,0,49.6,50.4
2880015,2017,2.1,11.9,3.9,74.7,0.8,53.2,46.8
2880010,2017,3.1,8.8,1.6,79.8,0,55.6,44.4
2880030,2017,2.9,10.1,4,75.1,0,51.9,48.1
2890005,2017,5.8,8.2,10.1,65,0,59.1,40.9
2900005,2017,0.9,2.1,2.1,89.1,0,48.6,51.4
2900305,2017,1.1,1.9,1.6,91.2,0,53.1,46.9
2910005,2017,1.5,3.4,9.2,83.5,1,50,50
2910010,2017,3.4,3.4,9.4,80.1,0,53.5,46.5
2910020,2017,0.7,1.4,7.9,86.3,0.4,50.7,49.3
2910305,2017,3.9,2.7,11.4,79.8,0.3,50.8,49.2
2920006,2017,0.3,1.3,0.7,97.7,0,51.2,48.8
2920305,2017,0.6,0.6,1.4,95.8,0,52.3,47.7
2920020,2017,0.9,0.5,3.6,92.7,0.5,52.3,47.7
7700405,2017,0.7,1.2,4.5,90.9,0,47.1,52.9
2930315,2017,8.5,1,10.8,74.6,0.5,50.4,49.6
2930010,2017,11.7,0.5,8.2,75.5,0.5,49.6,50.4
2930007,2017,8.7,0.9,9,78.7,0.3,53.2,46.8
2930027,2017,17.7,1.6,14.9,57.4,0,50.2,49.8
2930057,2017,22,0.8,17.1,54.1,0.4,50.8,49.2
2930035,2017,13.4,0.3,9.6,68.5,0.3,47.9,52.1
2930305,2017,19.2,2,15.2,55.4,0.4,48.3,51.7
2930008,2017,7.2,1.5,4.3,82,0.2,52.7,47.3
2930042,2017,14,1.7,10.5,69.7,0.3,52.5,47.5
2930015,2017,18,0.6,15.1,60.9,0,53.2,46.8
2930505,2017,14.5,1.8,11.8,67.9,0.1,50.1,49.8
39020900,2017,6.3,3.3,12.2,70.5,0.4,43.4,56.6
2950023,2017,2.4,3,1.7,91.6,0.4,53.9,46.1
2950305,2017,2.8,3.2,2.3,90.4,0,45.2,54.8
2950025,2017,0.8,3.5,2,92.5,0,45.9,54.1
2950020,2017,5.8,3.1,1.9,87.5,0,57.6,42.4
2960005,2017,3.1,0.9,26.2,59.8,2.2,53.3,46.7
2980005,2017,0.8,1.6,2.9,92.2,0,47.5,52.5
2980010,2017,0.3,1.6,1.8,93.2,0.8,50.8,49.2
7730020,2017,0.7,1.6,1.6,94.8,0,55.2,44.8
7730025,2017,0.4,0.6,1.1,94.9,0.2,50.7,49
7730015,2017,2.6,3.6,4.3,85.6,0,50.2,49.8
7730405,2017,1,2,2.8,91.6,0.5,50.8,49.2
3000005,2017,6,0,12.1,70.7,0,44.8,55.2
3010020,2017,4.1,6.7,5.1,81.1,0.1,53.6,46.4
3010305,2017,1.7,5,3.6,86.2,0.2,48.7,51.3
4800405,2017,46.8,5.7,39.4,5.5,0.2,55.7,44.3
35050405,2017,56.7,1.6,38,1.1,0.4,49.2,50.8
7740010,2017,0,2.3,2.3,86.4,0,56.8,43.2
7740020,2017,2.9,0.9,6,81.1,4,55,45
3040015,2017,1.2,1.9,4.8,90,0,52.7,47.3
3040020,2017,0.7,1.7,3.6,91.2,1,52.8,47
4980405,2017,19.5,1.3,70.9,6.7,0,52.1,47.9
7750310,2017,1.2,2.2,3.2,89.3,0,55.2,44.8
7750315,2017,1.3,1.6,3.7,92.3,0,52,48
7750018,2017,2.9,1.8,5.3,87.7,0,51.5,48.5
7750020,2017,3,4.3,4.5,85.2,0,52.5,47.5
7750060,2017,1.4,3.1,5.6,86.4,0,48.3,51.7
7750027,2017,1.3,2.6,5.9,87.8,0,52,48
7750032,2017,2,5.7,4.9,86.2,0,53.3,46.7
7750305,2017,2.3,4.2,4.7,85.9,0.2,50.6,49.4
7750040,2017,2,2.2,8.7,86.3,0,53.7,46.3
7750045,2017,0.5,1.3,3.8,92.7,0,47.8,52.2
3050005,2017,0.7,2.5,7,86,0.2,49.3,50.7
3050310,2017,3.2,2.8,5.6,86.3,0.1,51.4,48.6
3050020,2017,1.8,5.4,5.4,82.5,0,48.9,51.1
3050040,2017,2.5,2.5,3.5,88.1,0,53.2,46.8
3050015,2017,1.8,4.1,10.6,79,0.2,52.9,46.8
3060005,2017,0.6,0.6,3.7,90.2,1.2,51.2,48.8
3070305,2017,3.3,2.3,5.8,86,0.8,50,50
3070010,2017,6.9,5,6.3,79.4,0.8,48.1,51.9
3070310,2017,3.1,10.3,3.6,80.7,0,52.5,47.5
3070005,2017,2.1,8.4,5.1,81.8,0.2,55.4,44.6
3070015,2017,3.5,11.4,3.9,77.6,0,50.9,49.1
3070018,2017,2.5,2.9,7,85.1,0.7,50.9,49.1
3080032,2017,10.9,8.6,16,60.2,0,52.8,47.2
3080065,2017,4.9,3.4,73.5,16.9,0,50.3,49.7
3080060,2017,7.6,5.8,27.5,55.4,0,46.9,53.1
3080404,2017,10.9,5.7,28.3,53.5,0,52.3,47.7
3080415,2017,8.4,3.1,42,43,0,52.4,47.6
3080040,2017,10.3,8.4,24.5,52.8,0.6,52,48
3080050,2017,11.8,5,38.7,40.8,0,54.4,45.6
3080005,2017,7,8.1,46.2,37,0,54.9,45.1
3090020,2017,1.2,0.5,7.7,84.8,0,53.4,46.6
3090505,2017,2.5,1.1,8.8,83.8,0.4,52.4,47.6
3090305,2017,2.1,0.6,7.1,84.6,0,48.1,51.9
3100017,2017,7.1,1.2,5.7,75,1.2,51.7,48.3
3100305,2017,7.2,0.7,6.6,75.9,1.3,52.7,47.3
3140015,2017,4.4,5.7,15.2,71.6,0,53.7,46.3
3140020,2017,3,7.7,12.2,70.5,0.3,50.9,49.1
3140025,2017,2.1,8.8,11.3,71.1,0.2,52.1,47.9
3140305,2017,4.9,9.5,13.7,66.4,0.7,50.1,49.9
3150005,2017,5.9,11.9,4.3,71.6,0,48.4,51.6
3150015,2017,7,15.8,4.1,66.6,0,54.1,45.9
3150020,2017,3.9,15.6,3.9,71.6,0,53.3,46.7
3150305,2017,5.2,17.5,3.9,66.5,0,48.3,51.7
3160015,2017,3.9,1.3,26.2,62.4,0.2,52.9,47.1
3160315,2017,5.7,1.9,22.3,63.1,0.2,45.9,54.1
3170050,2017,2.7,10.4,1.8,82.4,0,53.6,46.4
3170025,2017,4.8,6,2.8,76.5,0,47.8,52.2
3170020,2017,3.9,20.8,6.2,63,0,47.4,52.6
3170015,2017,4.1,22.7,8.2,58.5,0,49.9,50.1
3170005,2017,3.7,6.3,3.2,80.7,0,45.1,54.9
3170045,2017,5.7,14.7,7.1,66,0,47.6,52.4
3170048,2017,3.8,13.3,5.1,66.6,0,53.6,46.4
3170305,2017,3.3,10.9,4.5,75.1,0,51.5,48.5
3180005,2017,1.8,0,8,85,0,47.8,52.2
3220005,2017,1.5,1.2,11.4,81.6,0,51,49
3220505,2017,1.6,0.8,9.2,85,0.2,47.6,52.4
3230305,2017,3,0.4,5.2,88.5,0.4,51.1,48.9
3230003,2017,3.9,1.6,1.9,88.3,0,47.1,52.9
3230505,2017,3.1,1.3,2.4,90.8,0.2,44.9,55.1
3320010,2017,3.5,4.8,13.2,74.5,0,55,45
3320025,2017,5.1,8.9,30.5,50.8,0,51.7,48.3
3320030,2017,4.3,1.8,16.6,73,0,46.6,53.4
3320007,2017,4.9,15.3,16.7,60.8,0,49.7,50.3
3320040,2017,1.3,2.6,8.4,82.4,0,48.5,51.5
3320305,2017,3.2,6.8,19,69.4,0.2,52.4,47.6
3210010,2017,1.2,35.2,2.3,57.8,0.6,50.7,49.3
3210025,2017,2.1,40.9,11.7,41.8,0.4,51.2,48.8
3210005,2017,3,41.8,4,49.5,0,50.5,49.5
3210045,2017,0.7,33.5,5.6,56.7,0,50.5,49.5
3210305,2017,1.3,26.7,6.9,60.4,0.2,53.3,46.7
3250020,2017,3.7,6,19.3,68.3,0,48.2,51.8
3250015,2017,2.8,2,25.9,67.3,0.4,49,51
3250025,2017,1.5,8.6,14.6,74.2,0,53.5,46.5
3250033,2017,3,2.3,8.1,83.5,0,52.5,47.5
3250305,2017,1.1,1.6,11.1,83.6,0,50.3,49.7
3250036,2017,4.2,0.9,21.2,70.4,0.2,51.3,48.7
3250055,2017,1.6,0.5,7.6,89.1,0,52.7,47.3
3250310,2017,2.5,3.1,15.4,78.3,0,51.7,48.3
3250040,2017,0.9,0.9,11.7,82.8,0.2,48.8,51.2
3260004,2017,0.3,15.4,0.3,79.8,2,47.8,52.2
3260310,2017,1,28.7,0.3,68.1,0.7,50.8,49.2
3260007,2017,1.4,35,0.6,59.4,0,48.5,51.5
3260045,2017,1.2,25.9,2.4,66.1,0,51.2,48.8
3260330,2017,0.7,23.9,1.3,70.9,0.1,52.2,47.8
3270005,2017,0,0,3.8,94.6,0,50,50
3300010,2017,5.6,13.3,11.9,62.1,0,48.1,51.9
3300012,2017,7.8,12.7,5.5,67.4,0,54.8,45.2
3300305,2017,7,15,4.7,67.1,0.6,50.4,49.6
3300015,2017,6,14.9,5.3,71.9,0,50.7,49.3
3310030,2017,0.2,0.4,4.1,90.2,0,54.8,45.2
3310515,2017,0.7,1.7,3.3,91,0.5,55.7,44.3
3350010,2017,0.4,10.3,4.9,78.9,0,56.1,43.9
3350012,2017,0.4,13.1,3.7,78.3,0,57.4,42.6
3350305,2017,3.9,9.4,3.9,80.5,0,46.7,53.3
3350017,2017,1,11.6,3.1,80.5,0,51.5,48.5
3350015,2017,1.8,14,3.6,76.6,0,50.5,49.5
3350025,2017,0.6,6.1,5.8,82.8,0,54.4,45.6
3360310,2017,5.8,4.7,9.1,77.2,0.4,50.7,49.3
3360005,2017,3.8,8.8,9.5,75.4,0,54.6,45.4
3360050,2017,7.9,0.8,6.7,77.9,0,50.8,49.2
3360065,2017,5.9,5,4.5,82.3,0,47.7,52.3
3360020,2017,7.3,5.1,6.1,77.1,0.1,50.8,49.2
3360085,2017,6.7,6,8.9,77,0,51.4,48.6
3360060,2017,3.5,4.3,6.5,80.5,0,43.7,56.3
3360105,2017,5.2,10.1,11.9,68.4,1.2,47.2,52.8
3360110,2017,1.7,4.4,6.1,83.3,0,53.4,46.6
3360080,2017,18.7,11.3,16.1,49,0.6,50.4,49.6
3370005,2017,0,0,4.7,93.8,0,52.7,47.3
7800315,2017,1.2,0.5,2.5,93.8,0,55.7,44.3
7800035,2017,0.9,1.2,2.3,94.8,0,50.4,49.6
7800030,2017,2.2,0.8,7.1,84.6,0.6,48.5,51.5
7800010,2017,2.9,0.7,5.9,87.5,0.7,49,51
7800310,2017,2.8,0.8,3.5,89.5,0.7,52.3,47.7
3400020,2017,3.2,0.6,0.6,95.6,0,54.4,45.6
3410010,2017,1.3,2.9,6.9,82.4,0,52.2,47.8
3420060,2017,1.1,3,3,89.3,0,53,47
3420025,2017,0.8,4.5,6.7,84.7,0,52.1,47.9
3420080,2017,1.2,3.9,5.9,86.6,0.4,47.2,52.8
3420330,2017,1.6,4.3,4.3,86.5,0.1,50.4,49.6
3420020,2017,0.5,4.6,3.6,87.4,0,53.2,46.8
3430315,2017,1.7,3,7.1,83.1,0.7,50.7,49.3
3430050,2017,1.8,2.1,6.8,86.5,0,48.4,51.6
3440045,2017,0,4.8,1.6,90.5,0,50.5,49.5
3440005,2017,1.2,7.6,2.2,81.5,0,45.9,53.9
3440020,2017,2.2,25.6,4,61.7,0,53.7,46.3
3440305,2017,0.7,16.7,3.4,75,0.3,49.4,50.6
3440040,2017,1,23.5,2.2,63.9,0.7,48.5,51.5
3440025,2017,0.2,19.2,2.8,69.2,0,49.8,50.2
3460020,2017,1.3,0.9,15.9,80.1,0.2,51.5,48.5
3460305,2017,0.4,0.6,11.8,86,0,51,49
3470040,2017,8.5,6.1,5,76.4,0.2,50.3,49.7
3470410,2017,5.6,4.6,6.8,79.5,0.4,50.2,49.8
3470020,2017,2.4,4.3,2.4,89.9,0,48.6,51.4
3470005,2017,7.8,5.6,6.5,75.1,0.3,54.2,45.8
3470405,2017,8.3,5.5,7.9,76.1,1,48.7,51.3
3470025,2017,8.5,21.4,6.7,59.4,0,46,54
3470055,2017,6.5,5.6,11.8,71.1,0.6,46.6,53.4
3470065,2017,9.8,19.9,16.3,48.4,1.2,55.3,44.7
3470043,2017,9.1,5.4,14.5,65.3,0.6,55.6,44.4
3470060,2017,1.1,9.4,7.2,78.5,0,46.4,53.6
3480020,2017,20.4,9.7,46.8,19,0.2,53.2,46.8
3480405,2017,15.3,4.4,41.9,31.6,0.2,51.5,48.5
3480035,2017,15.8,3.5,46.7,30.9,0,54.1,45.9
3480045,2017,15.2,14.4,52.1,16.5,0.5,54.3,45.7
3480052,2017,4.3,3.4,76.3,13.6,0,47.4,52.6
3480053,2017,13.3,4.4,51.1,27.6,0,50.1,49.9
3480350,2017,9.2,9.8,72.4,7,0,50.4,49.6
3480055,2017,19.2,3.9,53.7,18.7,0,55.7,44.3
3480060,2017,13.7,10.5,48.9,23.5,0.4,56.1,43.9
3480095,2017,13.6,3.2,56.7,22.6,0.2,53.7,46.3
3480090,2017,5.9,5.7,11.4,72.8,0,48,52
3480415,2017,11.9,6.4,31.8,44.8,0.1,52.4,47.6
3480177,2017,18.1,3.7,31.8,38.8,0.3,51.8,48.2
3480110,2017,14.9,13.1,37.1,29.4,0.3,62.8,37.2
3480100,2017,10.1,10.8,57.1,17.2,0.8,55.5,44.5
3480115,2017,17.8,6.1,44.3,25.9,0,53.3,46.7
3480136,2017,9.3,11.5,20.8,53.2,0.4,47.2,52.8
3480140,2017,25.8,3.2,52.5,12.7,0,48.6,51.4
3480145,2017,15.7,9,17.4,53.2,0.3,51.8,48.2
3480160,2017,18.9,4.6,58.6,12.3,0.7,51.6,48.4
3480175,2017,9.8,8.6,20.2,49.3,0.3,48.1,51.9
3480185,2017,6.6,10.3,10.3,63.6,0.4,53.7,46.3
3480200,2017,11,6.2,16.5,61,0,54.6,45.4
3480202,2017,21.6,5.1,28.4,40.6,0,52.1,47.9
3480210,2017,18.9,7.3,39.6,30.2,0.1,47.8,52.2
3480215,2017,16.5,7.5,37.4,32.5,0,53.9,46.1
3480220,2017,15.3,4.7,27.8,47.7,0,48.8,51.2
3480423,2017,14.6,11.4,42.4,26.9,0.2,52.3,47.7
3480230,2017,19.5,5.5,22.9,47.3,0,47.3,52.7
3480235,2017,14.1,4.3,22.1,56.1,0,46.3,53.7
3480240,2017,11.9,2.9,60.7,20.2,0.2,50.1,49.9
3480285,2017,11.4,19.7,53.5,11.8,0.4,55.1,44.9
3480280,2017,21.2,4.6,47.2,21.4,0.2,54,46
3480026,2017,12.2,6.1,38.8,37.4,0,53.7,46.3
3480260,2017,7,5,13.2,67.4,0,47.2,52.8
3480030,2017,7.3,9.3,71.6,8.9,0.2,49.9,50.1
3480225,2017,15.3,6.2,19.8,51.4,0,46.9,53.1
3480420,2017,19.1,7,48.2,21.4,0,51.8,48.2
3490010,2017,0,1.7,1.7,93.3,0,45,55
3500010,2017,1.4,1.6,3,90.7,0,53.1,46.9
3500003,2017,1.2,2.9,4.6,87,0.2,51.9,48.1