school_id,year,first_lang_not_eng_num,first_lang_not_eng_per,ELL_num,ELL_per,disabilities_num,disabilities_per,low_inc_num,low_inc_per
4450105,2017,868,60.9,102,7.2,147,10.3,530,37.2
10505,2017,24,5.3,11,2.4,44,9.7,97,21.5
10003,2017,61,10.5,42,7.2,77,13.3,135,23.3
10002,2017,26,12.8,6,3,43,21.2,33,16.3
10405,2017,18,5.5,6,1.8,43,13.1,71,21.6
10015,2017,21,5.9,7,2,38,10.8,80,22.7
4120530,2017,130,24.7,62,11.8,128,24.3,202,38.3
6000505,2017,269,14.4,17,0.9,217,11.6,91,4.9
6000005,2017,39,9.4,13,3.1,84,20.3,24,5.8
6000020,2017,99,21.7,32,7,75,16.4,21,4.6
6000001,2017,5,5.2,0,0,36,37.1,8,8.2
6000030,2017,118,26.2,60,13.3,72,16,32,7.1
6000015,2017,85,17.9,35,7.4,70,14.7,42,8.8
6000010,2017,64,12.4,26,5,80,15.5,34,6.6
6000025,2017,80,19.8,40,9.9,67,16.6,40,9.9
6000405,2017,151,16.6,17,1.9,141,15.5,47,5.2
30025,2017,3,0.6,2,0.4,77,14.3,136,25.3
30305,2017,4,1,2,0.5,57,13.7,82,19.7
6030004,2017,1,0.4,1,0.4,54,22.1,81,33.2
6030505,2017,5,0.8,5,0.8,139,22.3,244,39.2
6030020,2017,1,0.2,1,0.2,108,23.9,267,59.2
4300305,2017,170,17.9,12,1.3,46,4.8,58,6.1
50003,2017,2,1.3,0,0,62,41.1,45,29.8
50505,2017,56,4.6,16,1.3,172,14.1,277,22.7
50405,2017,35,6.2,6,1.1,84,14.9,131,23.3
50020,2017,60,15.6,51,13.2,50,13,103,26.8
50010,2017,26,8.9,21,7.2,56,19.1,96,32.8
50030,2017,45,13.7,39,11.9,58,17.6,95,28.9
50303,2017,59,9.8,28,4.7,91,15.2,180,30.1
50025,2017,58,15.4,54,14.3,49,13,132,35
4090205,2017,38,11.7,38,11.7,53,16.4,174,53.7
70005,2017,0,0,0,0,79,20.4,92,23.7
70505,2017,17,2.9,3,0.5,101,17,87,14.6
70515,2017,0,0,0,0,16,51.6,23,74.2
70013,2017,21,3.1,11,1.6,120,17.7,152,22.4
70010,2017,22,4.8,18,3.9,110,24,128,27.9
80009,2017,110,27.2,76,18.8,88,21.8,108,26.7
80020,2017,83,24.8,52,15.5,72,21.5,128,38.2
80050,2017,113,27.6,65,15.9,63,15.4,129,31.5
6050505,2017,163,17.6,39,4.2,165,17.8,203,21.9
6050405,2017,65,15,18,4.2,85,19.7,92,21.3
90505,2017,172,9.5,14,0.8,290,16.1,113,6.3
90310,2017,43,8.1,6,1.1,89,16.7,40,7.5
90003,2017,48,8.1,25,4.2,98,16.5,40,6.7
90305,2017,52,9.3,5,0.9,112,20,26,4.6
90010,2017,61,16,38,10,54,14.2,30,7.9
90004,2017,134,26,68,13.2,72,14,23,4.5
90005,2017,7,9.6,0,0,36,49.3,8,11
90020,2017,70,14.2,34,6.9,77,15.6,16,3.2
90025,2017,76,11.9,32,5,133,20.9,52,8.2
90350,2017,79,18.9,6,1.4,79,18.9,28,6.7
35090305,2017,54,17.6,46,15,71,23.1,152,49.5
100505,2017,160,12.4,12,0.9,143,11.1,133,10.3
100010,2017,28,5.9,13,2.7,56,11.8,18,3.8
100025,2017,15,3.2,11,2.4,66,14.2,23,4.9
100030,2017,72,16,57,12.6,58,12.9,37,8.2
100005,2017,38,8.9,21,4.9,39,9.2,26,6.1
100055,2017,46,11.6,31,7.8,56,14.1,36,9.1
100038,2017,8,11.4,0,0,37,52.9,6,8.6
100410,2017,156,12.9,27,2.2,182,15.1,119,9.9
100045,2017,30,10.9,26,9.4,32,11.6,12,4.3
100050,2017,81,17.4,58,12.4,42,9,70,15
6100025,2017,19,3.5,15,2.8,100,18.7,101,18.8
6100010,2017,9,5.6,9,5.6,17,10.6,21,13.1
6100505,2017,8,1.1,6,0.9,111,15.8,99,14.1
6100305,2017,20,3.5,8,1.4,101,17.7,86,15.1
6100005,2017,15,4,13,3.5,72,19.4,67,18
140505,2017,84,11.3,13,1.7,98,13.2,77,10.3
140405,2017,114,19.4,14,2.4,85,14.5,87,14.8
140015,2017,161,26,38,6.1,106,17.1,77,12.4
140010,2017,97,15.7,41,6.6,78,12.6,72,11.6
140005,2017,20,15.3,0,0,27,20.6,15,11.5
8010605,2017,170,15.4,31,2.8,322,29.2,248,22.5
6150020,2017,23,4,20,3.5,154,26.7,327,56.7
6150505,2017,4,1.1,3,0.8,96,26.8,162,45.3
6150305,2017,16,4.1,11,2.8,103,26.6,172,44.4
6150050,2017,2,1.4,2,1.4,27,18.8,54,37.5
4910550,2017,182,16.4,67,6,135,12.2,460,41.4
160001,2017,106,24,78,17.7,68,15.4,169,38.3
160515,2017,8,12.7,0,0,6,9.5,29,46
160505,2017,170,10.2,38,2.3,238,14.2,428,25.6
160315,2017,78,14.1,27,4.9,82,14.9,178,32.2
160008,2017,20,10.7,1,0.5,85,45.5,54,28.9
160045,2017,74,15.8,20,4.3,59,12.6,122,26.1
160040,2017,73,16.5,59,13.3,54,12.2,134,30.2
160050,2017,54,13.7,27,6.9,96,24.4,121,30.7
160305,2017,50,7.5,10,1.5,116,17.5,131,19.8
160035,2017,79,17.6,52,11.6,63,14,169,37.6
160320,2017,99,17.1,20,3.5,99,17.1,181,31.3
170305,2017,38,6.1,16,2.6,41,6.6,101,16.2
170505,2017,45,5.7,17,2.1,76,9.6,121,15.2
170010,2017,15,5.2,12,4.2,26,9.1,52,18.2
170025,2017,25,8.9,22,7.8,22,7.8,55,19.6
170030,2017,34,6.3,17,3.2,40,7.4,98,18.2
180510,2017,23,7.2,7,2.2,52,16.3,76,23.8
180010,2017,11,2.8,8,2,57,14.4,88,22.3
6160505,2017,35,8.6,10,2.4,81,19.8,103,25.2
6160305,2017,25,6.3,8,2,77,19.5,87,22
6160001,2017,14,3.6,6,1.5,76,19.5,77,19.8
6160002,2017,58,11,35,6.6,85,16.1,142,26.9
200505,2017,203,10.9,116,6.2,227,12.2,475,25.5
200315,2017,89,11.8,40,5.3,134,17.8,243,32.2
200050,2017,174,20.4,62,7.3,114,13.4,275,32.3
200010,2017,50,17.1,41,14,44,15,84,28.7
200001,2017,28,22.2,19,15.1,58,46,52,41.3
200025,2017,143,40.2,132,37.1,26,7.3,205,57.6
200005,2017,23,8.8,20,7.7,33,12.7,73,28.1
200045,2017,18,4.1,16,3.6,48,10.9,95,21.5
4270010,2017,98,33.8,51,17.6,23,7.9,116,40
35020405,2017,69,17.6,48,12.2,77,19.6,282,71.9
230505,2017,85,9.6,9,1,142,16,69,7.8
230305,2017,92,16.5,24,4.3,95,17.1,49,8.8
230010,2017,121,20.2,62,10.4,52,8.7,56,9.4
230012,2017,96,17,44,7.8,101,17.8,44,7.8
240505,2017,17,2.4,1,0.1,85,12,96,13.5
240006,2017,10,1.7,4,0.7,120,20.8,104,18
240005,2017,0,0,0,0,26,15.3,39,22.9
240025,2017,12,3,1,0.3,73,18.5,76,19.2
240018,2017,10,2,10,2,105,21,116,23.2
250003,2017,2,2.1,0,0,36,37.5,15,15.6
250505,2017,22,3,8,1.1,143,19.4,115,15.6
250315,2017,32,4.5,7,1,125,17.6,123,17.3
250510,2017,0,0,0,0,25,73.5,15,44.1
250020,2017,7,2.1,3,0.9,46,13.7,58,17.3
250025,2017,16,4.7,13,3.8,46,13.5,73,21.3
260505,2017,209,16.5,26,2.1,72,5.7,82,6.5
260015,2017,114,31.4,49,13.5,26,7.2,47,12.9
260010,2017,71,19,46,12.3,21,5.6,22,5.9
260035,2017,147,22.9,63,9.8,70,10.9,51,8
260005,2017,117,25,57,12.2,38,8.1,21,4.5
260305,2017,289,21.3,38,2.8,139,10.2,102,7.5
4200205,2017,57,16.4,11,3.2,44,12.7,171,49.3
4470205,2017,73,16.3,11,2.5,48,10.7,24,5.4
35110205,2017,87,33.9,35,13.6,42,16.3,161,62.6
270010,2017,0,0,0,0,74,13.8,99,18.4
270305,2017,1,0.3,1,0.3,71,18.1,43,11
4140305,2017,9,2.5,6,1.7,75,21.1,149,41.9
6180505,2017,30,5.5,6,1.1,77,14.1,121,22.1
6180310,2017,25,6.5,7,1.8,68,17.6,97,25.1
6180035,2017,34,9.7,23,6.5,72,20.5,116,33
280005,2017,21,11.1,10,5.3,29,15.3,34,17.9
6200505,2017,32,5.5,7,1.2,93,15.9,55,9.4
300055,2017,113,21.5,90,17.1,75,14.3,165,31.4
300505,2017,53,4.1,26,2,227,17.7,306,23.8
300305,2017,31,3.1,17,1.7,205,20.3,236,23.4
300010,2017,7,2,5,1.4,72,20.1,122,34.1
300015,2017,17,3.7,12,2.6,81,17.5,132,28.4
300033,2017,8,2.1,6,1.6,74,19.4,79,20.7
300002,2017,11,9.8,2,1.8,63,56.3,40,35.7
300040,2017,6,1.5,2,0.5,66,16.9,81,20.7
310505,2017,94,6.8,17,1.2,205,14.9,209,15.2
310030,2017,6,3,0,0,27,13.7,35,17.8
310007,2017,12,4,0,0,52,17.2,57,18.8
310026,2017,79,16.6,25,5.2,65,13.6,83,17.4
310012,2017,8,2.5,0,0,31,9.7,38,11.8
310310,2017,30,5.6,0,0,103,19.2,69,12.9
310305,2017,49,7.9,8,1.3,120,19.3,107,17.2
310015,2017,30,5.9,4,0.8,92,18.1,93,18.3
310005,2017,36,6.6,13,2.4,69,12.7,86,15.9
8050605,2017,9,0.7,3,0.2,118,9.8,121,10
6220015,2017,19,6.5,13,4.5,56,19.2,58,19.9
6220505,2017,17,3.8,6,1.3,65,14.5,80,17.9
6220405,2017,22,5.1,9,2.1,59,13.7,87,20.1
6220008,2017,38,13,33,11.3,44,15.1,66,22.6
6220010,2017,11,3.9,8,2.8,72,25.4,66,23.3
8060605,2017,61,7,2,0.2,220,25.4,197,22.7
350541,2017,107,48,38,17,49,22,137,61.4
350003,2017,103,64.8,94,59.1,37,23.3,50,31.4
350021,2017,98,29.8,86,26.1,48,14.6,130,39.5
350390,2017,332,56.8,272,46.5,138,23.6,424,72.5
350548,2017,154,78.2,147,74.6,14,7.1,101,51.3
350546,2017,160,35.8,20,4.5,60,13.4,195,43.6
350755,2017,76,39.4,30,15.5,34,17.6,128,66.3
350558,2017,305,61,123,24.6,110,22,280,56
350507,2017,378,100,301,79.6,16,4.2,228,60.3
350560,2017,785,32.7,78,3.2,50,2.1,377,15.7
350545,2017,706,41.6,31,1.8,50,2.9,538,31.7
350012,2017,72,24.3,40,13.5,64,21.6,118,39.9
350505,2017,481,59.3,337,41.6,193,23.8,495,61
350036,2017,16,55.2,9,31,29,100,22,75.9
350054,2017,188,37.1,165,32.5,76,15,346,68.2
350052,2017,252,45.2,225,40.3,117,21,309,55.4
350515,2017,563,61.9,378,41.5,230,25.3,572,62.9
350430,2017,229,68.4,142,42.4,106,31.6,196,58.5
350518,2017,7,15.9,4,9.1,8,18.2,32,72.7
350581,2017,167,45.8,113,31,132,36.2,244,66.8
350020,2017,450,47.5,346,36.5,248,26.2,495,52.2
350062,2017,236,76.4,206,66.7,65,21,174,56.3
350066,2017,57,59.4,47,49,10,10.4,32,33.3
350072,2017,194,44.3,164,37.4,60,13.7,331,75.6
350074,2017,201,65,149,48.2,40,12.9,190,61.5
350077,2017,102,22.6,79,17.5,140,31,187,41.4
350080,2017,621,84.8,435,59.4,95,13,368,50.3
350651,2017,33,33.3,8,8.1,34,34.3,72,72.7
350008,2017,107,56.6,102,54,40,21.2,119,63
350266,2017,57,26.3,56,25.8,56,25.8,81,37.3
350426,2017,127,25.1,58,11.5,215,42.6,276,54.7
350009,2017,108,63.5,94,55.3,38,22.4,84,49.4
350530,2017,"1,147",76.7,649,43.4,230,15.4,688,46
350375,2017,421,61.2,334,48.5,151,21.9,407,59.2
350088,2017,130,46.8,97,34.9,41,14.7,174,62.6
350006,2017,49,43,46,40.4,26,22.8,53,46.5
350096,2017,90,16.1,54,9.7,113,20.3,114,20.4
350100,2017,67,27.5,58,23.8,55,22.5,85,34.8
350522,2017,283,53.9,156,29.7,144,27.4,339,64.6
350540,2017,183,50.8,72,20,71,19.7,174,48.3
350116,2017,138,30.5,81,17.9,114,25.2,198,43.7
350326,2017,268,66.8,196,48.9,93,23.2,206,51.4
350122,2017,72,32.4,55,24.8,73,32.9,107,48.2
350543,2017,124,55.1,54,24,29,12.9,135,60
350200,2017,279,56.4,233,47.1,107,21.6,369,74.5
350010,2017,94,50.3,89,47.6,25,13.4,128,68.4
350135,2017,66,27.6,49,20.5,12,5,158,66.1
350015,2017,76,43.9,71,41,50,28.9,131,75.7
350377,2017,96,27,69,19.4,96,27,280,78.9
350750,2017,54,60,40,44.4,88,97.8,66,73.3
350141,2017,229,84.2,200,73.5,34,12.5,145,53.3
350013,2017,368,48.1,280,36.6,162,21.2,483,63.1
350146,2017,366,43.3,288,34,184,21.7,547,64.7
350154,2017,63,21.3,52,17.6,78,26.4,201,67.9
350156,2017,284,71.4,252,63.3,36,9,198,49.7
350485,2017,219,59,139,37.5,89,24,261,70.4
350153,2017,369,57.8,304,47.6,129,20.2,437,68.5
350525,2017,243,49.7,168,34.4,59,12.1,299,61.1
350172,2017,40,23.3,33,19.2,21,12.2,82,47.7
350166,2017,220,57.6,195,51,59,15.4,262,68.6
350179,2017,246,55.4,134,30.2,107,24.1,322,72.5
350180,2017,117,35.6,84,25.5,41,12.5,235,71.4
350182,2017,230,65.2,188,53.3,42,11.9,183,51.8
350183,2017,176,27.5,114,17.8,233,36.5,424,66.4
350184,2017,20,12.7,12,7.6,51,32.3,48,30.4
350181,2017,92,34.3,81,30.2,101,37.7,215,80.2
350286,2017,564,66,493,57.7,132,15.5,470,55
350190,2017,100,23,52,12,96,22.1,105,24.1
350376,2017,141,28.8,108,22,86,17.6,377,76.9
350001,2017,57,30.5,54,28.9,43,23,126,67.4
350383,2017,285,54.9,215,41.4,151,29.1,359,69.2
350262,2017,177,30.4,111,19.1,105,18,157,27
350004,2017,32,23,8,5.8,47,33.8,43,30.9
350655,2017,43,34.1,12,9.5,52,41.3,62,49.2
350537,2017,480,57.1,283,33.7,293,34.8,573,68.1
350215,2017,171,59.8,109,38.1,38,13.3,126,44.1
350549,2017,240,84.5,144,50.7,32,11.3,183,64.4
350656,2017,725,78.6,495,53.7,146,15.8,491,53.3
350227,2017,306,49.6,269,43.6,84,13.6,372,60.3
350226,2017,226,35.6,195,30.8,133,21,439,69.2
350229,2017,197,42.4,157,33.8,70,15.1,351,75.5
350231,2017,62,26.1,44,18.5,23,9.7,201,84.5
350378,2017,183,36.2,131,25.9,116,23,347,68.7
350382,2017,48,22.1,37,17.1,72,33.2,102,47
350237,2017,44,25.1,36,20.6,34,19.4,68,38.9
350243,2017,41,23.6,26,14.9,22,12.6,110,63.2
350542,2017,104,32.5,19,5.9,52,16.3,170,53.1
350138,2017,79,21.5,64,17.4,106,28.8,263,71.5
350575,2017,762,53,51,3.5,50,3.5,643,44.7
350255,2017,50,22.5,42,18.9,50,22.5,96,43.2
350257,2017,592,66.8,481,54.3,110,12.4,598,67.5
350264,2017,262,88.2,221,74.4,44,14.8,149,50.2
350268,2017,241,58.1,223,53.7,59,14.2,329,79.3
350014,2017,49,24.1,47,23.2,19,9.4,138,68
350278,2017,97,34.6,70,25,58,20.7,132,47.1
350565,2017,345,68.2,82,16.2,86,17,322,63.6
350691,2017,310,76.2,249,61.2,27,6.6,239,58.7
350240,2017,447,47.3,236,24.9,144,15.2,415,43.9
350298,2017,55,32.4,46,27.1,32,18.8,86,50.6
350302,2017,227,77.2,212,72.1,62,21.1,149,50.7
350304,2017,84,36.4,62,26.8,67,29,145,62.8
350308,2017,246,61.7,191,47.9,99,24.8,278,69.7
350690,2017,231,52.6,83,18.9,90,20.5,275,62.6
350657,2017,441,45.4,221,22.7,215,22.1,647,66.6
350535,2017,300,54.2,209,37.8,109,19.7,361,65.3
350328,2017,129,38.9,120,36.1,57,17.2,225,67.8
350167,2017,342,45.1,252,33.2,101,13.3,548,72.2
350579,2017,161,37.3,55,12.7,113,26.2,238,55.1
350346,2017,129,22.2,72,12.4,92,15.8,253,43.5
350445,2017,130,37.8,62,18,91,26.5,209,60.8
350658,2017,254,51.2,131,26.4,106,21.4,295,59.5
350366,2017,259,67.3,228,59.2,43,11.2,228,59.2
350360,2017,74,30.3,54,22.1,21,8.6,141,57.8
350258,2017,253,42,151,25.1,118,19.6,279,46.3
350363,2017,94,27.9,73,21.7,324,96.1,251,74.5
350370,2017,104,19.4,88,16.4,86,16,401,74.8
350374,2017,115,47.3,74,30.5,31,12.8,107,44
350380,2017,220,37.8,176,30.2,134,23,385,66.2
4490305,2017,76,11.2,23,3.4,122,17.9,200,29.4
4240505,2017,49,12.1,37,9.2,110,27.2,227,56.2
4110305,2017,157,33,62,13,96,20.2,291,61.1
4160305,2017,83,20,42,10.1,92,22.2,162,39
4810550,2017,186,19.5,66,6.9,120,12.6,461,48.3
360505,2017,5,1.1,1,0.2,73,16.7,108,24.8
360325,2017,12,1.7,4,0.6,105,14.8,156,21.9
360005,2017,0,0,0,0,78,18,117,27
360010,2017,4,1.1,4,1.1,58,16.3,103,29
380005,2017,2,0.6,1,0.3,56,17.1,12,3.7
380013,2017,7,1.6,5,1.2,86,20.1,16,3.7
390005,2017,24,8.2,8,2.7,30,10.2,25,8.5
400033,2017,62,14.7,41,9.7,71,16.9,119,28.3
400505,2017,198,11.3,52,3,371,21.1,314,17.9
400050,2017,88,31.2,43,15.2,35,12.4,91,32.3
400305,2017,77,10.5,15,2,148,20.2,146,19.9
400015,2017,38,8.9,16,3.8,73,17.2,47,11.1
400005,2017,74,17,27,6.2,122,28,63,14.5
400025,2017,69,15.4,33,7.4,63,14.1,50,11.2
400020,2017,65,17.5,28,7.5,70,18.9,63,17
400009,2017,53,20.2,24,9.2,30,11.5,53,20.2
400310,2017,72,10.6,14,2.1,140,20.7,106,15.7
410010,2017,12,5.2,5,2.1,42,18,56,24
410005,2017,7,2.7,6,2.3,36,13.9,69,26.6
4170205,2017,113,42.3,68,25.5,52,19.5,146,54.7
6250320,2017,7,1.4,2,0.4,67,13.2,61,12.1
6250505,2017,37,2.4,12,0.8,149,9.9,181,12
6250050,2017,12,2.4,5,1,75,15,87,17.4
6250020,2017,12,3.7,10,3.1,36,11.1,73,22.5
6250002,2017,30,3,17,1.7,181,17.9,169,16.7
6250315,2017,36,5.2,5,0.7,86,12.4,116,16.8
6250415,2017,0,0,0,0,11,100,4,36.4
6250300,2017,26,3.3,11,1.4,135,17,138,17.4
430005,2017,0,0,0,0,37,13,50,17.5
9100705,2017,7,1.5,0,0,59,12.6,80,17.1
8100605,2017,42,3.2,2,0.2,245,18.8,341,26.2
440421,2017,160,32.9,92,18.9,83,17,221,45.4
440007,2017,45,20.5,30,13.7,14,6.4,153,69.9
440515,2017,42,23.7,17,9.6,62,35,114,64.4
440505,2017,"1,973",46.3,761,17.8,509,11.9,"1,997",46.8
440010,2017,261,41.3,216,34.2,66,10.4,333,52.7
440110,2017,121,18.5,57,8.7,177,27,420,64.1
440001,2017,215,26.6,98,12.1,146,18.1,525,65
440405,2017,308,57,208,38.5,113,20.9,328,60.7
440023,2017,402,38.6,229,22,81,7.8,591,56.7
440520,2017,98,64.1,80,52.3,21,13.7,83,54.2
440080,2017,15,42.9,6,17.1,15,42.9,28,80
440050,2017,39,13.5,4,1.4,164,56.9,139,48.3
440400,2017,7,14.6,5,10.4,48,100,38,79.2
440045,2017,128,19.2,52,7.8,40,6,309,46.3
440055,2017,278,50.4,193,35,39,7.1,349,63.2
440017,2017,165,27.3,115,19,65,10.7,263,43.5
440422,2017,250,36.1,88,12.7,94,13.6,315,45.5
440065,2017,320,36.2,186,21.1,166,18.8,485,54.9
440003,2017,411,46.1,300,33.7,157,17.6,492,55.2
440002,2017,199,26.3,134,17.7,103,13.6,367,48.5
440410,2017,303,53.7,189,33.5,91,16.1,341,60.5
440078,2017,422,48.6,295,34,75,8.6,567,65.3
440415,2017,169,32.9,70,13.6,88,17.2,262,51.1
440420,2017,177,28.1,48,7.6,115,18.3,306,48.6
4280305,2017,594,36.9,107,6.7,143,8.9,730,45.4
450005,2017,5,1.6,2,0.6,24,7.5,78,24.5
460001,2017,13,21.7,8,13.3,8,13.3,4,6.7
460002,2017,18,28.1,10,15.6,20,31.3,6,9.4
460505,2017,572,28.5,75,3.7,326,16.2,235,11.7
460005,2017,283,37,100,13.1,107,14,62,8.1
460015,2017,323,40.5,122,15.3,118,14.8,96,12
460025,2017,130,22.5,33,5.7,53,9.2,28,4.8
460045,2017,155,25.3,47,7.7,118,19.2,29,4.7
460030,2017,281,39.5,153,21.5,91,12.8,74,10.4
460020,2017,149,24.8,55,9.2,91,15.2,36,6
460040,2017,258,30.2,127,14.9,76,8.9,81,9.5
460060,2017,22,32.4,15,22.1,17,25,9,13.2
460035,2017,175,30.4,82,14.2,106,18.4,82,14.2
480505,2017,183,16.6,15,1.4,118,10.7,91,8.3
480007,2017,84,21.6,27,7,45,11.6,34,8.8
480035,2017,105,19.8,39,7.4,60,11.3,67,12.7
480303,2017,102,12.4,11,1.3,92,11.2,81,9.9
480015,2017,77,19.9,23,6,51,13.2,47,12.2
480020,2017,52,17.7,34,11.6,35,11.9,33,11.2
490006,2017,149,39.3,22,5.8,45,11.9,73,19.3
490506,2017,504,25.8,105,5.4,325,16.6,535,27.4
490305,2017,63,24.1,9,3.4,73,28,87,33.3
490007,2017,52,16.7,16,5.1,48,15.4,86,27.7
490090,2017,61,23.5,29,11.2,71,27.3,113,43.5
490080,2017,198,50.5,143,36.5,71,18.1,90,23
490020,2017,77,30.4,19,7.5,46,18.2,63,24.9
490065,2017,88,30.2,8,2.7,47,16.2,77,26.5
490040,2017,104,39.1,68,25.6,38,14.3,95,35.7
490035,2017,75,23.1,19,5.8,86,26.5,89,27.4
490005,2017,74,20.8,16,4.5,76,21.3,83,23.3
490030,2017,101,31.9,21,6.6,48,15.1,81,25.6
490045,2017,64,20.9,21,6.9,86,28.1,115,37.6
490050,2017,67,21.2,13,4.1,70,22.2,77,24.4
490310,2017,56,21.4,3,1.1,68,26,109,41.6
490315,2017,46,16.7,4,1.5,73,26.5,77,28
490320,2017,98,36.6,24,9,64,23.9,82,30.6
500505,2017,49,5.2,10,1.1,73,7.7,110,11.6
500020,2017,34,6.9,24,4.9,42,8.5,79,16.1
500017,2017,20,4,18,3.6,60,11.9,44,8.7
500012,2017,22,4.4,13,2.6,44,8.8,76,15.1
500010,2017,6,6.7,0,0,35,38.9,14,15.6
500305,2017,49,6.2,13,1.7,107,13.6,122,15.5
4320530,2017,2,0.8,2,0.8,32,13.2,35,14.4
8150605,2017,27,4.3,18,2.9,170,27.3,223,35.8
510025,2017,39,6.6,19,3.2,76,12.9,15,2.5
520015,2017,6,0.8,6,0.8,139,17.6,177,22.4
520405,2017,4,0.5,3,0.4,168,20.1,150,17.9
6350005,2017,1,0.8,0,0,27,21.6,34,27.2
6350025,2017,7,1.7,6,1.4,66,15.6,149,35.3
6350035,2017,0,0,0,0,15,11.2,50,37.3
6350305,2017,2,0.5,2,0.5,59,14.9,125,31.6
6350505,2017,8,1.5,3,0.6,58,10.7,115,21.2
560030,2017,44,8.9,24,4.8,72,14.5,70,14.1
560005,2017,54,12.4,28,6.5,65,15,51,11.8
560025,2017,73,15.5,27,5.7,63,13.4,90,19.1
560505,2017,124,8.4,10,0.7,187,12.6,128,8.6
560305,2017,94,13,9,1.2,130,17.9,80,11
560001,2017,21,15.4,0,0,65,47.8,15,11
560310,2017,98,11.5,23,2.7,143,16.8,92,10.8
560015,2017,52,13.7,25,6.6,39,10.3,33,8.7
570505,2017,"1,348",87.2,483,31.3,143,9.3,721,46.7
570050,2017,475,87.2,15,2.8,75,13.8,309,56.7
570030,2017,442,74.8,229,38.7,64,10.8,375,63.5
570045,2017,414,79.8,28,5.4,98,18.9,319,61.5
570040,2017,427,72.7,181,30.8,63,10.7,361,61.5
570035,2017,456,79.9,163,28.5,69,12.1,301,52.7
570055,2017,516,89.6,299,51.9,49,8.5,306,53.1
570003,2017,684,79.3,418,48.4,96,11.1,462,53.5
570025,2017,394,72.8,126,23.3,76,14,337,62.3
6320025,2017,0,0,0,0,31,22.1,37,26.4
610003,2017,80,18.8,63,14.8,80,18.8,212,49.9
610010,2017,41,15.2,39,14.5,45,16.7,174,64.7
610305,2017,106,13.5,32,4.1,153,19.4,414,52.5
610015,2017,83,18.4,51,11.3,84,18.6,300,66.4
610020,2017,4,1.1,0,0,39,10.7,137,37.4
610021,2017,21,19.8,2,1.9,42,39.6,82,77.4
610510,2017,181,12.7,44,3.1,227,15.9,607,42.4
610505,2017,159,16.8,37,3.9,190,20.1,449,47.4
610310,2017,91,11.8,45,5.9,158,20.5,398,51.8
610050,2017,65,14.5,37,8.3,62,13.8,308,68.8
610090,2017,95,24.3,40,10.2,66,16.9,278,71.1
610040,2017,4,1.3,1,0.3,28,9.2,144,47.2
610022,2017,39,9.2,27,6.4,84,19.9,216,51.2
610065,2017,4,1.4,0,0,54,19,106,37.3
610001,2017,28,10,0,0,122,43.4,136,48.4
4180305,2017,52,13.2,13,3.3,93,23.5,75,19
4370505,2017,85,30.5,29,10.4,63,22.6,157,56.3
35040505,2017,84,29.9,31,11,68,24.2,149,53
35070505,2017,59,33.3,20,11.3,56,31.6,126,71.2
630010,2017,0,0,0,0,34,19.7,63,36.4
640050,2017,143,20.3,69,9.8,128,18.1,262,37.1
640305,2017,142,20.3,43,6.1,139,19.9,227,32.4
640505,2017,127,27.3,19,4.1,91,19.5,155,33.3
4380505,2017,53,14.8,0,0,79,22,186,51.8
650505,2017,3,0.4,1,0.1,103,12.3,36,4.3
650005,2017,1,0.3,0,0,47,12.3,17,4.5
650010,2017,1,0.3,1,0.3,31,8.5,18,4.9
35030205,2017,299,46.3,119,18.4,75,11.6,258,39.9
4360305,2017,93,24.9,9,2.4,71,19,130,34.8
4260205,2017,217,77.5,166,59.3,27,9.6,142,50.7
4400205,2017,294,73.5,163,40.8,42,10.5,193,48.3
4310205,2017,158,56.4,125,44.6,24,8.6,136,48.6
670005,2017,43,9.1,15,3.2,59,12.5,42,8.9
670305,2017,38,5.3,3,0.4,114,15.9,42,5.9
670020,2017,32,6.9,11,2.4,93,19.9,19,4.1
670030,2017,22,4.9,12,2.6,56,12.4,13,2.9
6400505,2017,64,5,5,0.4,211,16.5,69,5.4
4390050,2017,67,14.9,47,10.4,54,12,191,42.4
680005,2017,1,0.7,0,0,26,18.4,33,23.4
710505,2017,29,3,6,0.6,135,13.9,138,14.2
710015,2017,4,1.3,3,1,19,6.3,45,14.9
710010,2017,11,2.9,10,2.7,45,12,65,17.4
710305,2017,20,2.4,2,0.2,136,16.2,126,15
710032,2017,3,1,1,0.3,30,10.5,49,17.1
710030,2017,9,3.2,7,2.5,82,29.5,60,21.6
710045,2017,4,1.2,4,1.2,54,16.5,64,19.6
720005,2017,6,3.7,6,3.7,29,18,37,23
720505,2017,50,4.7,11,1,106,10,168,15.8
720050,2017,43,4.5,7,0.7,124,12.8,187,19.4
720030,2017,30,7,18,4.2,47,11,129,30.1
720040,2017,34,5.5,17,2.8,99,16,138,22.4
720015,2017,25,6,24,5.7,53,12.6,70,16.7
730010,2017,62,20.1,44,14.3,66,21.4,119,38.6
730505,2017,96,13,28,3.8,113,15.2,133,18
730305,2017,74,11.7,23,3.6,155,24.6,121,19.2
730005,2017,32,11.3,20,7.1,46,16.3,66,23.4
730025,2017,21,7.6,14,5,50,18,33,11.9
730030,2017,32,11.8,15,5.5,45,16.5,39,14.3
730045,2017,34,18.6,19,10.4,37,20.2,51,27.9
740015,2017,12,3,6,1.5,75,18.7,79,19.7
6450505,2017,143,14.3,45,4.5,175,17.4,344,34.3
6450005,2017,46,13,43,12.2,56,15.9,172,48.7
6450015,2017,72,23.5,44,14.4,59,19.3,138,45.1
6450305,2017,55,13,28,6.6,84,19.9,176,41.6
6450050,2017,92,17.9,43,8.4,105,20.4,210,40.9
6450025,2017,66,15.5,46,10.8,43,10.1,159,37.4
6500005,2017,0,0,0,0,54,12.9,64,15.2
6500305,2017,1,0.3,0,0,46,11.6,53,13.4
6500505,2017,11,1.2,0,0,121,13,130,14
6500310,2017,7,1.2,1,0.2,88,15.3,80,13.9
6500010,2017,7,1.2,3,0.5,38,6.7,69,12.2
770015,2017,1,0.2,0,0,73,18.1,65,16.1
770505,2017,1,0.3,1,0.3,70,17.8,50,12.7
770305,2017,1,0.3,0,0,50,13.9,62,17.2
770005,2017,0,0,0,0,43,18.7,33,14.3
780005,2017,29,6,12,2.5,72,14.9,13,2.7
6550505,2017,14,2.1,3,0.5,76,11.7,22,3.4
6550405,2017,25,4.8,3,0.6,67,12.8,16,3.1
790035,2017,17,3.7,10,2.2,68,14.7,130,28.1
790505,2017,45,5.6,7,0.9,80,10,111,13.9
790045,2017,12,2.4,9,1.8,86,16.9,141,27.8
790030,2017,11,3.9,5,1.8,44,15.7,78,27.9
790020,2017,11,2,9,1.6,109,20,94,17.2
790410,2017,34,3.8,7,0.8,129,14.3,182,20.2
4070405,2017,103,35.3,52,17.8,33,11.3,146,50
6580020,2017,20,5.7,19,5.5,64,18.4,65,18.7
6580310,2017,25,3.6,1,0.1,82,11.6,104,14.8
6580005,2017,38,10.2,12,3.2,46,12.3,93,24.9
6580305,2017,64,10.4,7,1.1,89,14.4,124,20.1
6580030,2017,41,8.3,11,2.2,66,13.3,90,18.1
6580010,2017,13,5,12,4.6,47,18.1,77,29.7
6580505,2017,64,5.5,8,0.7,121,10.4,200,17.2
820004,2017,8,1.1,3,0.4,111,15.7,40,5.7
820006,2017,7,1.2,3,0.5,87,14.3,40,6.6
820505,2017,8,0.8,2,0.2,124,11.7,58,5.5
820305,2017,11,1.5,5,0.7,96,12.8,41,5.5
830005,2017,4,0.7,3,0.5,87,15.5,96,17.1
830505,2017,7,0.7,5,0.5,155,14.7,148,14.1
830010,2017,2,0.3,2,0.3,161,23.3,124,18
870305,2017,40,6.4,6,1,107,17,108,17.2
870505,2017,46,5.3,10,1.1,130,14.9,119,13.7
870010,2017,30,11.2,8,3,43,16,66,24.5
870013,2017,47,8.3,28,5,86,15.3,114,20.2
870015,2017,12,4,1,0.3,48,16,41,13.7
850005,2017,8,4.4,4,2.2,31,17,53,29.1
860005,2017,12,6.2,11,5.7,36,18.6,59,30.4
860505,2017,34,7.2,8,1.7,73,15.5,130,27.6
860010,2017,13,5.1,5,2,64,25,99,38.7
860020,2017,11,5.7,7,3.6,29,15.1,54,28.1
860305,2017,29,6.5,4,0.9,90,20,134,29.8
880003,2017,11,4.3,11,4.3,33,13,31,12.3
880405,2017,31,3.5,0,0,172,19.4,97,10.9
880020,2017,15,6.4,7,3,14,6,33,14.2
880505,2017,45,3.8,10,0.8,182,15.2,126,10.5
880015,2017,6,1.7,4,1.2,53,15.5,28,8.2
880025,2017,34,4.1,7,0.8,143,17.1,93,11.1
890005,2017,95,27.3,55,15.8,79,22.7,96,27.6
4520505,2017,182,50.7,49,13.6,59,16.4,194,54
910030,2017,0,0,0,0,28,20.6,40,29.4
8170505,2017,89,6.8,4,0.3,277,21.2,274,21
930003,2017,128,61.2,0,0,19,9.1,92,44
930030,2017,26,40,7,10.8,59,90.8,50,76.9
930505,2017,"1,183",58.5,347,17.2,237,11.7,806,39.8
930028,2017,593,63,134,14.2,133,14.1,456,48.4
930038,2017,501,53.8,151,16.2,179,19.2,443,47.6
930018,2017,474,54,121,13.8,169,19.2,390,44.4
930058,2017,643,73.8,239,27.4,85,9.8,450,51.7
930010,2017,461,77.5,145,24.4,58,9.7,308,51.8
930015,2017,365,64.7,65,11.5,135,23.9,295,52.3
4100205,2017,588,61.4,144,15,183,19.1,396,41.4
940010,2017,12,2.8,7,1.6,79,18.1,148,33.9
940505,2017,14,2.3,5,0.8,74,12,133,21.6
940305,2017,20,4.4,6,1.3,55,12,128,27.9
940030,2017,20,3.9,12,2.3,64,12.5,173,33.7
950505,2017,593,27.9,209,9.8,391,18.4,"1,172",55.2
950009,2017,121,16.7,73,10.1,125,17.2,554,76.4
950515,2017,9,36,1,4,2,8,17,68
950017,2017,138,22.1,106,17,154,24.7,491,78.7
950140,2017,13,4.4,7,2.4,33,11.3,133,45.4
950045,2017,127,23.3,76,13.9,114,20.9,417,76.4
950013,2017,247,41.4,203,34,79,13.2,419,70.2
950011,2017,172,24.1,129,18.1,84,11.8,578,81.1
950320,2017,127,16.5,40,5.2,153,19.9,457,59.4
950315,2017,100,16.1,34,5.5,141,22.7,391,62.9
950005,2017,96,12.6,48,6.3,160,21,433,56.7
950335,2017,6,22.2,5,18.5,7,25.9,25,92.6
950325,2017,32,19.8,3,1.9,44,27.2,121,74.7
950145,2017,47,15.5,34,11.2,43,14.1,237,78
950130,2017,55,10.5,26,5,111,21.2,303,57.9
950340,2017,3,9.4,1,3.1,31,96.9,28,87.5
950305,2017,205,37.5,133,24.4,117,21.4,396,72.5
950065,2017,117,15.2,58,7.6,140,18.2,513,66.8
960005,2017,12,3.4,4,1.1,77,21.9,146,41.6
960505,2017,70,7.9,16,1.8,120,13.6,214,24.3
960405,2017,31,5.5,11,1.9,115,20.2,141,24.8
960305,2017,37,6.3,14,2.4,104,17.7,149,25.3
960020,2017,39,8.4,24,5.2,64,13.8,125,26.9
960030,2017,19,6.1,7,2.2,46,14.7,67,21.5
960015,2017,20,6.7,5,1.7,42,14,123,41
6620020,2017,0,0,0,0,19,16.7,38,33.3
970315,2017,174,31.1,24,4.3,125,22.4,355,63.5
970016,2017,171,26.6,80,12.5,158,24.6,413,64.3
970505,2017,423,34.9,86,7.1,263,21.7,654,54
970510,2017,24,14,5,2.9,55,32,104,60.5
970340,2017,199,29.6,69,10.3,140,20.8,376,55.9
970048,2017,290,40.5,95,13.3,124,17.3,391,54.6
970043,2017,145,23.3,99,15.9,105,16.9,366,58.8
970060,2017,222,32.8,130,19.2,169,25,444,65.6
980005,2017,0,0,0,0,21,25.9,21,25.9
4130505,2017,6,2.7,1,0.5,32,14.5,65,29.5
990050,2017,9,3.7,8,3.3,38,15.6,25,10.3
990505,2017,10,1.2,4,0.5,150,17.9,114,13.6
990405,2017,9,1.1,7,0.9,153,18.8,126,15.4
990015,2017,6,1.9,5,1.6,53,17,36,11.6
990020,2017,25,6.3,16,4.1,66,16.8,67,17
4460550,2017,256,20.3,147,11.7,113,9,215,17
1000035,2017,379,54.8,232,33.5,139,20.1,301,43.5
1000006,2017,299,58.1,187,36.3,84,16.3,226,43.9
1000302,2017,286,52.4,46,8.4,152,27.8,207,37.9
1000007,2017,170,35.5,71,14.8,95,19.8,100,20.9
1000515,2017,842,40.1,232,11,313,14.9,478,22.7
1000305,2017,252,54.2,150,32.3,111,23.9,197,42.4
1000015,2017,124,21.6,53,9.2,118,20.6,103,18
1000001,2017,37,15.8,15,6.4,78,33.3,56,23.9
1000005,2017,98,39.2,71,28.4,25,10,66,26.4
1000045,2017,83,21.1,34,8.7,103,26.2,153,38.9
1000050,2017,160,28.7,69,12.4,182,32.7,274,49.2
1000039,2017,228,45.3,105,20.9,84,16.7,126,25
1000310,2017,255,35.2,41,5.7,170,23.5,184,25.4
1000055,2017,456,79.2,283,49.1,79,13.7,316,54.9
4780505,2017,4,1,0,0,63,15.9,21,5.3
1010040,2017,17,3.7,4,0.9,79,17,35,7.5
1010035,2017,19,7,13,4.8,42,15.4,47,17.3
1010003,2017,17,13,0,0,40,30.5,16,12.2
1010505,2017,73,4.2,10,0.6,221,12.7,102,5.9
1010012,2017,13,3.1,5,1.2,63,15.3,30,7.3
1010405,2017,22,4.7,0,0,60,12.9,26,5.6
1010013,2017,20,5.6,6,1.7,49,13.6,26,7.2
1010010,2017,14,4.3,6,1.8,51,15.5,16,4.9
1010030,2017,13,3.1,3,0.7,58,14,35,8.5
1010032,2017,28,7.7,12,3.3,28,7.7,64,17.5
1010310,2017,35,7.6,10,2.2,90,19.6,48,10.4
8180605,2017,1,0.2,0,0,139,28.5,174,35.7
6650505,2017,7,1,2,0.3,106,14.6,78,10.8
6650002,2017,5,1.2,4,1,25,6,69,16.5
6650001,2017,8,2,7,1.8,52,13,90,22.5
6650305,2017,8,1.1,2,0.3,100,13.5,104,14.1
6650015,2017,8,1.7,5,1.1,79,16.7,92,19.5
6700505,2017,20,3.3,9,1.5,117,19.1,107,17.5
1030001,2017,38,6.6,33,5.7,136,23.5,306,52.8
1030515,2017,4,4.3,4,4.3,27,29,61,65.6
1030505,2017,56,7.9,22,3.1,129,18.1,295,41.5
1030405,2017,42,7.7,23,4.2,128,23.4,265,48.4
1030020,2017,32,7,28,6.2,99,21.8,255,56
6720059,2017,1,0.9,0,0,23,19.8,46,39.7
6720505,2017,7,3.2,1,0.5,36,16.4,63,28.6
6720405,2017,8,3.8,3,1.4,36,17.3,44,21.2
6720143,2017,17,5.7,16,5.4,55,18.5,98,33
1050505,2017,1,0.2,0,0,56,13.6,42,10.2
1050305,2017,0,0,0,0,26,11.3,14,6.1
1050010,2017,5,0.7,4,0.6,70,10,65,9.3
1050005,2017,1,0.9,0,0,14,13,6,5.6
6740005,2017,1,0.9,0,0,15,12.8,38,32.5
6740310,2017,14,5.9,5,2.1,58,24.4,98,41.2
6740015,2017,28,18.9,27,18.2,28,18.9,84,56.8
6740050,2017,32,14.7,30,13.8,46,21.2,118,54.4
6740505,2017,19,8.2,8,3.5,37,16,80,34.6
4960305,2017,84,16.6,54,10.7,68,13.4,252,49.7
1070010,2017,55,15.5,41,11.5,48,13.5,159,44.8
1070020,2017,12,5.1,10,4.3,40,17,68,28.9
1070505,2017,79,9.7,34,4.2,209,25.6,267,32.6
1070025,2017,0,0,0,0,48,50,39,40.6
1070042,2017,6,2.8,5,2.3,38,17.8,60,28.2
1070305,2017,43,6.8,16,2.5,144,22.6,199,31.2
1070045,2017,29,13.2,29,13.2,71,32.3,110,50
1070050,2017,15,4.2,12,3.4,76,21.3,115,32.3
1090005,2017,0,0,0,0,0,0,0,0
1100505,2017,28,3.4,4,0.5,114,13.7,90,10.8
1100305,2017,20,4.1,4,0.8,64,13.2,43,8.9
1100200,2017,18,2.7,9,1.3,131,19.3,92,13.5
1100025,2017,5,1.8,2,0.7,50,17.5,35,12.3
1100030,2017,12,2,3,0.5,101,16.9,78,13.1
1100005,2017,4,1.3,3,1,70,22.7,41,13.3
1110004,2017,12,7.1,5,3,31,18.3,31,18.3
1110505,2017,20,5.2,6,1.6,56,14.7,78,20.5
1110010,2017,14,6.8,12,5.8,30,14.6,52,25.2
8210605,2017,76,5.4,27,1.9,137,9.8,503,36.1
8230605,2017,601,40.8,145,9.8,300,20.4,768,52.1
8280605,2017,527,24.1,118,5.4,462,21.2,958,43.9
8250605,2017,499,23.2,61,2.8,243,11.3,795,36.9
1140025,2017,4,1.6,4,1.6,32,13.2,63,25.9
1140010,2017,5,2.1,4,1.7,40,17.1,152,65
1140030,2017,0,0,0,0,0,0,3,50
1140505,2017,54,12.1,20,4.5,80,17.9,199,44.4
1140305,2017,39,9.9,17,4.3,53,13.5,194,49.2
1140035,2017,24,11.2,20,9.3,20,9.3,144,67
1140005,2017,0,0,0,0,33,27,59,48.4
6730001,2017,3,4.7,0,0,32,50,13,20.3
6730010,2017,15,3.1,10,2.1,67,14,39,8.2
6730505,2017,8,1,0,0,98,12.1,25,3.1
6730305,2017,26,3.3,8,1,122,15.4,55,7
6730005,2017,3,1.1,2,0.7,51,18.2,13,4.6
1170015,2017,24,7.9,6,2,48,15.8,57,18.8
1170505,2017,19,7.4,3,1.2,20,7.8,29,11.2
1180005,2017,7,1.2,5,0.8,83,14,112,18.9
6750007,2017,5,2,2,0.8,32,12.5,22,8.6
6750010,2017,3,1.2,2,0.8,35,13.8,17,6.7
6750505,2017,5,0.9,0,0,76,13.2,36,6.3
6750310,2017,4,1,0,0,66,16.2,23,5.7
6750015,2017,9,3.1,4,1.4,37,12.7,24,8.2
4990305,2017,56,11.7,22,4.6,37,7.7,200,41.8
6800005,2017,4,1.6,3,1.2,54,21.9,40,16.2
6800025,2017,12,3.8,11,3.5,44,14,45,14.3
6800505,2017,31,2.7,0,0,156,13.6,132,11.5
6800030,2017,11,3.2,5,1.5,35,10.3,58,17.1
6800050,2017,16,5.3,8,2.6,37,12.2,49,16.2
6800305,2017,4,1.8,0,0,45,20.3,41,18.5
6800310,2017,22,4.1,1,0.2,74,13.9,76,14.2
6830505,2017,25,3.4,6,0.8,134,18.1,121,16.3
1210005,2017,0,0,0,0,2,5.6,7,19.4
1220004,2017,13,3.1,6,1.4,88,20.8,37,8.7
1220005,2017,9,2.6,3,0.9,55,15.8,16,4.6
1220505,2017,12,1.5,5,0.6,131,16.6,45,5.7
1220305,2017,19,2.3,8,1,171,20.5,51,6.1
1220015,2017,6,2.6,4,1.8,51,22.4,15,6.6
1250505,2017,21,3.1,2,0.3,75,11,36,5.3
1250005,2017,24,5.5,10,2.3,44,10.2,16,3.7
1270005,2017,0,0,0,0,42,17.2,25,10.2
1270505,2017,1,0.5,1,0.5,36,18.2,28,14.1
1280005,2017,25,16.6,16,10.6,29,19.2,102,67.5
1280008,2017,52,8.4,22,3.6,146,23.7,199,32.3
1280035,2017,41,9.9,10,2.4,92,22.1,126,30.3
1280100,2017,235,23.1,147,14.5,149,14.7,524,51.5
1280020,2017,30,20,24,16,25,16.7,84,56
1280050,2017,103,20.7,37,7.4,154,31,229,46.1
1280026,2017,100,19.3,79,15.2,122,23.5,292,56.3
1280027,2017,8,3.2,3,1.2,22,8.9,104,41.9
1280033,2017,5,10.9,0,0,45,97.8,39,84.8
1280505,2017,315,17.2,122,6.7,313,17.1,632,34.6
1280085,2017,63,12.4,25,4.9,105,20.6,215,42.2
1280045,2017,10,4.9,1,0.5,126,62.1,98,48.3
1280054,2017,91,17.8,67,13.1,153,30,278,54.5
1280073,2017,4,7.8,2,3.9,50,98,35,68.6
1280075,2017,119,22,93,17.2,106,19.6,363,67.2
1280080,2017,5,3.3,3,2,17,11.3,42,27.8
6850005,2017,0,0,0,0,22,21,55,52.4
4190305,2017,38,17.5,27,12.4,60,27.6,113,52.1
4550050,2017,13,4.2,9,2.9,0,0,45,14.7
4500105,2017,2,0.9,0,0,36,16.5,25,11.5
1310005,2017,10,1.8,0,0,65,12,31,5.7
1310505,2017,9,0.7,0,0,137,11.2,78,6.4
1310410,2017,10,0.9,2,0.2,128,11.7,53,4.8
1310019,2017,6,1.3,0,0,52,11.1,24,5.1
1310020,2017,2,0.4,0,0,62,12.1,16,3.1
1310010,2017,6,1.3,4,0.9,50,10.6,29,6.2
1330505,2017,70,15.1,21,4.5,70,15.1,161,34.6
1330018,2017,55,12.9,38,8.9,93,21.8,133,31.1
1330025,2017,37,13.3,20,7.2,44,15.8,85,30.6
1350005,2017,0,0,0,0,30,12.7,65,27.4
1360505,2017,31,3.8,5,0.6,109,13.5,45,5.6
1360007,2017,84,12.3,23,3.4,116,17,53,7.8
1360010,2017,81,11,29,3.9,96,13.1,53,7.2
1360305,2017,43,6.5,12,1.8,123,18.6,49,7.4
1370045,2017,171,34.1,108,21.6,106,21.2,366,73.1
1370070,2017,123,42.6,89,30.8,50,17.3,263,91
1370505,2017,550,42.8,191,14.9,213,16.6,797,62
1370003,2017,84,32.1,47,17.9,102,38.9,147,56.1
1370040,2017,315,57.9,195,35.8,77,14.2,483,88.8
1370055,2017,243,43.5,113,20.2,138,24.7,442,79.1
1370015,2017,112,27.1,51,12.3,104,25.1,260,62.8
1370060,2017,176,38.3,106,23.1,109,23.7,357,77.8
1370025,2017,213,51.6,151,36.6,78,18.9,371,89.8
1370030,2017,195,53.3,121,33.1,117,32,311,85
1370605,2017,160,63.5,72,28.6,98,38.9,210,83.3
4530005,2017,172,24.5,90,12.8,105,15,474,67.5
1380505,2017,24,4.6,3,0.6,86,16.4,47,9
1380010,2017,25,4.6,7,1.3,102,18.6,58,10.6
1380003,2017,4,6.3,0,0,13,20.3,12,18.8
1390005,2017,39,8.7,39,8.7,38,8.4,13,2.9
1390010,2017,31,6.4,22,4.5,45,9.2,20,4.1
1390015,2017,21,4.2,5,1,52,10.5,26,5.2
1390505,2017,27,2.5,5,0.5,126,11.5,42,3.8
1390305,2017,33,3.8,4,0.5,123,14.1,25,2.9
1390003,2017,10,15.4,8,12.3,30,46.2,10,15.4
1410030,2017,93,19.1,61,12.5,62,12.7,129,26.5
1410410,2017,111,17.4,36,5.6,113,17.7,133,20.8
1410015,2017,69,21.2,43,13.2,39,12,61,18.8
1410505,2017,153,16.2,37,3.9,146,15.5,182,19.3
1410007,2017,42,16.8,20,8,50,20,63,25.2
1420505,2017,4,1.3,3,1,56,18,85,27.3
1420015,2017,2,0.5,2,0.5,75,18.1,124,29.9
1420305,2017,2,1,2,1,33,16.2,52,25.5
4350305,2017,38,4.8,20,2.5,148,18.7,77,9.7
1440505,2017,16,2.9,5,0.9,67,12.3,49,9
1440305,2017,8,1.7,3,0.7,65,14.2,50,10.9
1440007,2017,20,5.1,16,4.1,63,16,45,11.4
1440015,2017,17,4.4,16,4.2,66,17.2,77,20.1
6900510,2017,12,1.5,1,0.1,118,15.2,45,5.8
6900505,2017,30,2.3,4,0.3,145,11,107,8.1
1450005,2017,12,2.8,11,2.5,48,11,63,14.4
1450020,2017,12,2.1,4,0.7,96,16.6,101,17.4
4630205,2017,264,52.3,158,31.3,97,19.2,315,62.4
4290010,2017,815,68.1,328,27.4,149,12.5,575,48.1
1480005,2017,1,0.5,1,0.5,39,18.9,45,21.8
1490015,2017,399,77.6,161,31.3,92,17.9,354,68.9
1490017,2017,467,81.8,209,36.6,84,14.7,370,64.8
1490009,2017,449,76.5,306,52.1,75,12.8,408,69.5
1490053,2017,346,54.1,205,32.1,90,14.1,405,63.4
1490080,2017,488,65,189,25.2,147,19.6,498,66.3
1490040,2017,337,69.6,184,38,62,12.8,337,69.6
1490525,2017,228,47.9,51,10.7,66,13.9,251,52.7
1490022,2017,350,67.3,169,32.5,96,18.5,385,74
1490025,2017,377,75.7,85,17.1,99,19.9,361,72.5
1490536,2017,141,80.1,50,28.4,26,14.8,110,62.5
1490020,2017,261,68,177,46.1,83,21.6,275,71.6
1490003,2017,180,55,77,23.5,84,25.7,215,65.7
1490075,2017,273,75.2,162,44.6,35,9.6,259,71.3
1490002,2017,89,64,31,22.3,13,9.4,112,80.6
1490011,2017,97,56.4,41,23.8,26,15.1,109,63.4
1490515,2017,"2,759",83.7,"1,020",31,589,17.9,"1,906",57.8
1490048,2017,315,63,163,32.6,88,17.6,359,71.8
1490027,2017,344,65.3,121,23,79,15,324,61.5
1490540,2017,114,75.5,28,18.5,34,22.5,110,72.8
1490018,2017,299,49.9,130,21.7,67,11.2,345,57.6
1490001,2017,98,57,66,38.4,97,56.4,111,64.5
1490537,2017,100,56.8,26,14.8,176,100,142,80.7
1490004,2017,479,67.4,262,36.8,142,20,500,70.3
1490085,2017,341,74.5,128,27.9,121,26.4,313,68.3
1490090,2017,265,82.3,114,35.4,57,17.7,212,65.8
1490049,2017,275,79.7,106,30.7,60,17.4,220,63.8
4540205,2017,225,31.4,189,26.4,46,6.4,392,54.7
1500025,2017,11,3.3,10,3,43,12.8,139,41.4
1500505,2017,23,6.6,5,1.4,44,12.6,98,28.1
1510505,2017,24,5.3,7,1.5,56,12.3,88,19.3
1510005,2017,16,4.5,3,0.8,56,15.6,78,21.7
1510015,2017,20,5,8,2,53,13.2,85,21.1
1510010,2017,20,5.6,11,3.1,63,17.6,102,28.5
1520505,2017,29,6.4,12,2.6,43,9.5,86,18.9
1520015,2017,21,6.8,14,4.5,26,8.4,53,17.1
1530003,2017,20,19,0,0,54,51.4,41,39
1530605,2017,144,20.7,16,2.3,179,25.7,254,36.5
1530007,2017,172,25,119,17.3,132,19.2,255,37.1
1530010,2017,121,21.3,64,11.3,109,19.2,292,51.5
1530025,2017,121,19.2,67,10.6,126,20,236,37.5
1530515,2017,6,15.4,1,2.6,18,46.2,16,41
1530505,2017,236,21.7,61,5.6,166,15.3,298,27.4
1530005,2017,6,12.2,0,0,31,63.3,19,38.8
1530030,2017,124,17.9,72,10.4,128,18.5,298,43.1
1530040,2017,38,29.2,27,20.8,25,19.2,80,61.5
1530045,2017,79,16.4,7,1.5,116,24.1,151,31.3
1530320,2017,189,21.4,59,6.7,192,21.7,309,35
1540005,2017,1,0.7,0,0,15,10.9,32,23.5
1550008,2017,177,31.2,91,16,60,10.6,36,6.3
1550006,2017,174,30.8,52,9.2,52,9.2,28,5
1550015,2017,137,28.6,60,12.5,71,14.8,14,2.9
1550030,2017,124,26.7,22,4.7,63,13.5,21,4.5
1550305,2017,216,24.2,31,3.5,118,13.2,62,7
1550010,2017,173,32.3,68,12.7,50,9.3,34,6.4
1550001,2017,27,34.6,0,0,37,47.4,12,15.4
1550505,2017,526,24.1,63,2.9,217,9.9,122,5.6
1550035,2017,138,30.3,79,17.4,77,16.9,26,5.7
1550310,2017,204,23.9,30,3.5,114,13.4,34,4
1570305,2017,8,3.2,4,1.6,46,18.5,6,2.4
1570006,2017,9,2.8,9,2.8,40,12.4,3,0.9
1570025,2017,57,9.1,19,3,109,17.3,51,8.1
6950505,2017,56,3.6,4,0.3,241,15.4,87,5.5
1580505,2017,13,2.8,5,1.1,87,18.6,25,5.4
1580305,2017,12,3.4,3,0.9,72,20.5,34,9.7
1580015,2017,17,4.4,7,1.8,74,19.1,39,10.1
1580005,2017,34,7.7,18,4.1,74,16.8,47,10.7
1590005,2017,38,8.9,13,3.1,56,13.1,28,6.6
1590010,2017,11,2.7,1,0.2,68,16.8,21,5.2
1590017,2017,27,8.1,9,2.7,63,18.9,25,7.5
1590505,2017,43,4.5,5,0.5,150,15.8,52,5.5
1590305,2017,11,3.2,0,0,64,18.6,17,4.9
1590025,2017,31,8,6,1.6,73,18.9,39,10.1
1600020,2017,212,42.2,192,38.2,80,15.9,320,63.7
1600310,2017,137,25.1,127,23.3,91,16.7,301,55.2
1600090,2017,178,33.6,146,27.5,117,22.1,316,59.6
1600030,2017,214,40.5,185,35,84,15.9,251,47.5
1600080,2017,229,45.4,206,40.9,83,16.5,356,70.6
1600345,2017,219,31.7,172,24.9,107,15.5,359,52
1600002,2017,143,28.3,118,23.4,73,14.5,255,50.5
1600015,2017,158,31.5,136,27.1,65,13,326,65.1
1600330,2017,191,30.9,179,29,96,15.5,414,67
1600315,2017,160,23,139,20,126,18.1,303,43.5
1600340,2017,237,35.4,218,32.5,104,15.5,398,59.4
1600050,2017,162,33.5,139,28.7,93,19.2,255,52.7
1600010,2017,185,37.3,161,32.5,88,17.7,303,61.1
1600360,2017,304,45.2,266,39.5,101,15,424,63
1600085,2017,2,11.1,1,5.6,18,100,17,94.4
1600320,2017,1,3,0,0,33,100,31,93.9
1600505,2017,583,18.5,352,11.2,325,10.3,"1,393",44.3
1600027,2017,114,45.8,110,44.2,19,7.6,173,69.5
1600036,2017,134,26.5,117,23.2,78,15.4,230,45.5
1600040,2017,174,31.7,159,29,59,10.7,283,51.5
1600018,2017,116,23.3,108,21.7,115,23.1,215,43.2
1600005,2017,231,38.1,189,31.1,88,14.5,390,64.3
1600075,2017,126,25.6,102,20.7,75,15.2,301,61.2
1600515,2017,12,10.1,11,9.2,13,10.9,80,67.2
1600055,2017,102,39.5,86,33.3,47,18.2,109,42.2
4560050,2017,561,68.7,400,49,127,15.5,384,47
4580505,2017,3,3.2,1,1.1,26,27.7,62,66
1610020,2017,28,8.1,19,5.5,54,15.6,111,32.1
1610010,2017,35,9.5,24,6.5,54,14.6,119,32.2
1610505,2017,82,9.2,10,1.1,128,14.3,182,20.3
1610305,2017,46,6.7,12,1.8,109,15.9,176,25.7
1610023,2017,17,4.6,3,0.8,49,13.4,94,25.7
1620505,2017,12,2.7,6,1.4,55,12.5,62,14.1
1620305,2017,9,2.3,2,0.5,61,15.7,64,16.5
1620010,2017,9,2.3,9,2.3,82,21.2,68,17.6
1620025,2017,16,4,9,2.3,71,17.8,69,17.3
1630016,2017,290,59.9,152,31.4,36,7.4,264,54.5
1630011,2017,48,18.5,9,3.5,22,8.5,112,43.2
1630405,2017,767,59.2,146,11.3,208,16,690,53.2
1630020,2017,116,41.1,52,18.4,24,8.5,165,58.5
1630090,2017,71,22.8,10,3.2,128,41,120,38.5
1630505,2017,912,58.1,224,14.3,188,12,687,43.8
1630035,2017,416,66.8,241,38.7,63,10.1,390,62.6
1630045,2017,378,56.7,184,27.6,107,16,433,64.9
1630004,2017,138,46.3,82,27.5,66,22.1,176,59.1
1630095,2017,124,28.4,46,10.5,68,15.6,194,44.4
1630525,2017,232,75.3,173,56.2,54,17.5,161,52.3
1630055,2017,216,45.5,96,20.2,53,11.2,280,58.9
1630060,2017,385,55.7,207,30,76,11,413,59.8
1630030,2017,157,33.1,52,11,102,21.5,257,54.2
1630070,2017,93,37.5,43,17.3,28,11.3,116,46.8
1630510,2017,961,60.1,308,19.3,184,11.5,708,44.3
1630605,2017,603,62.2,109,11.2,240,24.8,472,48.7
1630075,2017,16,9.8,3,1.8,28,17.2,41,25.2
1630420,2017,192,31.1,25,4,118,19.1,237,38.3
1630050,2017,328,64.6,183,36,40,7.9,285,56.1
1630085,2017,88,30.8,40,14,63,22,103,36
1630305,2017,700,60.2,161,13.8,184,15.8,646,55.5
1630100,2017,256,60.4,134,31.6,24,5.7,231,54.5
1630005,2017,267,57.1,157,33.5,51,10.9,308,65.8
1630080,2017,9,18.8,1,2.1,46,95.8,36,75
1630040,2017,403,63.9,214,33.9,51,8.1,379,60.1
1640010,2017,50,12.1,11,2.7,47,11.4,31,7.5
1640505,2017,22,3.5,0,0,93,14.8,49,7.8
1640405,2017,23,3.3,0,0,156,22.3,44,6.3
1640005,2017,2,4.3,0,0,25,53.2,5,10.6
1640020,2017,17,4,5,1.2,53,12.6,16,3.8
4680505,2017,9,9.3,0,0,0,0,5,5.2
1650003,2017,512,58,227,25.7,102,11.6,369,41.8
1650013,2017,488,53.5,187,20.5,101,11.1,436,47.8
1650027,2017,190,32.6,62,10.7,139,23.9,226,38.8
1650047,2017,399,44.5,112,12.5,194,21.6,390,43.5
1650049,2017,155,51.8,0,0,101,33.8,121,40.5
1650505,2017,963,52.5,270,14.7,259,14.1,731,39.9
1650057,2017,792,65.1,466,38.3,105,8.6,642,52.8
6980020,2017,9,4,5,2.2,19,8.4,31,13.8
6980510,2017,11,2.6,4,0.9,41,9.7,34,8
6980030,2017,4,1,1,0.3,48,12.4,28,7.3
6980010,2017,4,1.1,0,0,36,10,18,5
1670007,2017,41,5.8,29,4.1,70,9.9,93,13.1
1670035,2017,47,4.6,4,0.4,166,16.4,123,12.2
1670014,2017,37,4.4,17,2,124,14.9,120,14.4
1670505,2017,58,4.4,9,0.7,151,11.5,120,9.1
1670003,2017,1,1.2,0,0,37,43,14,16.3
1680015,2017,10,6.8,9,6.1,11,7.5,17,11.6
1680020,2017,23,6.7,19,5.6,65,19.1,25,7.3
1680010,2017,11,6.6,10,6,26,15.6,20,12
1680005,2017,19,7.1,19,7.1,37,13.9,29,10.9
1680505,2017,50,4.8,15,1.4,215,20.5,92,8.8
1680300,2017,24,4.8,13,2.6,102,20.3,44,8.7
1680016,2017,55,8.2,37,5.5,137,20.5,66,9.9
4640305,2017,11,4.8,11,4.8,49,21.3,7,3
1690005,2017,8,1.7,3,0.7,87,19,100,21.8
1700045,2017,534,41.6,142,11.1,257,20,449,34.9
1700030,2017,398,47.6,250,29.9,107,12.8,300,35.9
1700006,2017,79,48.2,52,31.7,54,32.9,36,22
1700008,2017,265,42.7,177,28.5,103,16.6,202,32.5
1700505,2017,404,37,129,11.8,168,15.4,305,28
1700025,2017,257,48.7,177,33.5,57,10.8,197,37.3
1710015,2017,10,2.6,5,1.3,67,17.7,61,16.1
1710005,2017,0,0,0,0,37,14.6,23,9.1
1710310,2017,16,1.6,5,0.5,152,15,128,12.6
1710020,2017,2,0.5,1,0.2,61,14.4,56,13.2
1710505,2017,23,1.7,8,0.6,192,14,140,10.2
1710025,2017,30,6.8,20,4.5,79,17.9,60,13.6
1710010,2017,2,0.6,1,0.3,58,16.1,27,7.5
7000505,2017,80,12.1,41,6.2,126,19.1,131,19.8
4660550,2017,8,4.6,7,4,45,26,51,29.5
4920005,2017,65,17.8,58,15.8,67,18.3,270,73.8
7050505,2017,23,1.9,2,0.2,163,13.7,69,5.8
7050405,2017,3,0.5,3,0.5,117,18,41,6.3
1720005,2017,18,5.7,18,5.7,63,20.1,107,34.1
1720505,2017,12,2.9,2,0.5,72,17.3,98,23.6
1720020,2017,12,4.3,4,1.4,51,18.4,69,24.9
1720035,2017,38,7.7,24,4.9,85,17.2,148,30
39010900,2017,7,1,7,1,121,18.1,319,47.8
4690505,2017,687,60,392,34.2,221,19.3,646,56.4
1730005,2017,5,2.1,2,0.9,29,12.3,52,22.1
1730010,2017,4,1.9,1,0.5,26,12.3,28,13.2
1740305,2017,38,8.7,19,4.4,84,19.3,76,17.5
1740010,2017,43,8.6,28,5.6,59,11.8,84,16.7
1740505,2017,42,8.4,15,3,89,17.7,86,17.1
1750005,2017,9,2.4,2,0.5,44,11.9,10,2.7
1750505,2017,10,1.2,4,0.5,88,10.5,32,3.8
1750003,2017,24,5.7,9,2.1,38,9.1,22,5.3
1750007,2017,14,4,11,3.2,39,11.2,17,4.9
1750305,2017,10,1.6,3,0.5,64,10.2,27,4.3
1760130,2017,46,9.3,18,3.6,69,13.9,55,11.1
1760140,2017,120,28.2,75,17.6,68,16,170,39.9
1760510,2017,3,13.6,0,0,22,100,7,31.8
1760068,2017,173,31.8,87,16,81,14.9,213,39.2
1760320,2017,131,27.5,57,12,93,19.5,178,37.4
1760315,2017,31,6.1,0,0,98,19.4,99,19.6
1760505,2017,229,19.5,89,7.6,183,15.6,291,24.8
1760605,2017,18,7,0,0,93,36.2,93,36.2
1760150,2017,162,27.7,108,18.5,78,13.3,180,30.8
1770015,2017,4,0.8,4,0.8,66,13.2,47,9.4
1770013,2017,9,2.6,9,2.6,41,12,30,8.7
1770505,2017,2,0.3,0,0,89,11.7,48,6.3
1770305,2017,7,1,6,0.8,109,15.4,66,9.3
1780003,2017,24,8.3,0,0,36,12.4,22,7.6
1780017,2017,9,3.6,2,0.8,37,14.7,17,6.8
1780025,2017,6,2.3,1,0.4,30,11.3,9,3.4
1780020,2017,117,27.2,80,18.6,66,15.3,105,24.4
1780505,2017,85,8.6,12,1.2,147,14.9,117,11.8
1780305,2017,83,10.8,19,2.5,128,16.6,74,9.6
1780035,2017,53,12.4,32,7.5,53,12.4,62,14.5
1780050,2017,14,3.8,3,0.8,43,11.5,25,6.7
7100179,2017,14,3.3,8,1.9,47,11,35,8.2
7100001,2017,18,4.1,12,2.7,61,14,42,9.6
7100015,2017,17,2.2,4,0.5,124,15.9,65,8.3
7100510,2017,17,2.9,1,0.2,74,12.5,61,10.3
1810050,2017,295,26.5,167,15,171,15.3,293,26.3
1810060,2017,391,29,126,9.3,226,16.8,545,40.4
1810030,2017,218,17.6,71,5.7,243,19.6,304,24.5
1810505,2017,466,24.6,85,4.5,204,10.8,571,30.2
1810055,2017,365,28.1,118,9.1,225,17.3,477,36.7
1820008,2017,15,2.6,9,1.6,97,16.8,207,35.8
1820305,2017,5,0.6,1,0.1,148,19.1,212,27.4
1820010,2017,7,1.2,6,1,100,17.1,154,26.3
1820011,2017,4,3.1,3,2.3,34,26.2,43,33.1
1820505,2017,7,1,2,0.3,122,17.6,146,21
1840003,2017,7,3.2,4,1.8,26,11.8,21,9.5
1840005,2017,25,5.2,4,0.8,103,21.5,34,7.1
1850065,2017,163,32.7,140,28.1,59,11.8,187,37.5
1850010,2017,153,32.8,135,29,43,9.2,178,38.2
1850505,2017,250,22,78,6.9,150,13.2,300,26.4
1850075,2017,27,19.9,21,15.4,32,23.5,38,27.9
1850305,2017,241,24.9,44,4.5,162,16.7,272,28.1
1850090,2017,306,31.1,143,14.5,146,14.9,350,35.6
1860017,2017,42,7.5,27,4.8,88,15.6,155,27.5
1860505,2017,32,4.4,6,0.8,126,17.3,165,22.7
1860025,2017,35,8,9,2.1,86,19.7,102,23.3
1870005,2017,6,1.2,5,1,60,11.9,47,9.3
1870505,2017,2,0.5,2,0.5,43,11,38,9.7
1870020,2017,6,1.4,2,0.5,57,13.3,52,12.1
1890410,2017,51,5.6,6,0.7,146,16,78,8.5
1890005,2017,51,7.2,15,2.1,121,17.2,37,5.2
1890007,2017,41,8.1,19,3.8,78,15.4,36,7.1
1890010,2017,29,4.9,5,0.8,86,14.6,23,3.9
1890505,2017,83,8.3,15,1.5,119,11.9,112,11.2
1890020,2017,51,11.7,23,5.3,39,9,94,21.6
8300605,2017,29,5,5,0.9,281,48.3,152,26.1
7170005,2017,0,0,0,0,52,20.1,91,35.1
7170010,2017,0,0,0,0,18,16.1,37,33
7170015,2017,0,0,0,0,8,27.6,10,34.5
7170505,2017,1,0.2,1,0.2,92,21.8,146,34.6
7170020,2017,0,0,0,0,20,14,36,25.2
7120001,2017,23,8.4,13,4.8,57,20.9,94,34.4
7120002,2017,44,7.8,33,5.8,74,13.1,141,24.9
7120515,2017,42,7,13,2.2,89,14.9,123,20.5
7120315,2017,38,8.9,13,3.1,83,19.5,104,24.4
1910310,2017,10,3.2,2,0.6,49,15.7,70,22.4
1910505,2017,4,1.4,0,0,25,8.7,49,17.1
1910025,2017,11,2.9,6,1.6,55,14.5,118,31.1
8320605,2017,55,3.8,6,0.4,209,14.6,329,23
7150505,2017,4,0.7,1,0.2,83,14.8,99,17.6
4700105,2017,499,33.6,24,1.6,196,13.2,255,17.2
1960010,2017,2,1.4,0,0,12,8.5,28,19.7
1970010,2017,80,24.4,37,11.3,41,12.5,57,17.4
1970005,2017,255,35.6,155,21.6,75,10.5,144,20.1
1970505,2017,117,21.7,63,11.7,91,16.9,93,17.3
7200005,2017,0,0,0,0,41,14.8,72,26
7200305,2017,1,0.2,0,0,73,17.3,112,26.6
7200505,2017,3,0.8,0,0,52,14,75,20.2
7200003,2017,0,0,0,0,45,27.6,54,33.1
7200020,2017,0,0,0,0,22,13.9,40,25.3
7250020,2017,37,6.1,16,2.6,85,14,31,5.1
7250025,2017,17,2.2,7,0.9,108,14,40,5.2
7250310,2017,10,3.5,4,1.4,35,12.2,11,3.8
7250305,2017,11,4.5,3,1.2,50,20.2,20,8.1
7250010,2017,10,2.1,9,1.9,97,20,92,19
7250505,2017,22,2.2,5,0.5,133,13.2,51,5
8520605,2017,8,1.1,0,0,250,34.2,143,19.5
1980005,2017,51,8.2,8,1.3,90,14.4,56,9
1980010,2017,138,26.8,58,11.3,43,8.3,60,11.7
1980305,2017,70,10.8,20,3.1,77,11.9,52,8
1980031,2017,8,3.6,0,0,23,10.4,23,10.4
1980035,2017,33,7.9,2,0.5,33,7.9,43,10.3
1980043,2017,38,8.8,0,0,41,9.4,28,6.5
1980505,2017,114,6.9,22,1.3,262,15.7,172,10.3
1980310,2017,42,4.4,2,0.2,173,18.3,101,10.7
6600505,2017,36,3.9,12,1.3,116,12.5,166,17.9
6600305,2017,8,1.5,3,0.6,103,19.3,116,21.7
1990005,2017,42,7.6,18,3.3,59,10.7,23,4.2
1990410,2017,41,9.7,4,1,72,17.1,22,5.2
1990035,2017,63,13.3,25,5.3,56,11.9,23,4.9
1990020,2017,58,14.8,31,7.9,63,16.1,37,9.4
1990505,2017,133,8,8,0.5,258,15.6,92,5.5
1990050,2017,72,10,36,5,131,18.2,49,6.8
1990405,2017,80,9.1,8,0.9,162,18.5,46,5.3
1990040,2017,29,5.9,8,1.6,43,8.7,10,2
4440205,2017,96,21,30,6.6,69,15.1,153,33.5
2010095,2017,186,23.8,135,17.2,120,15.3,542,69.2
2010063,2017,389,71,369,67.3,134,24.5,382,69.7
2010140,2017,39,13.1,38,12.8,35,11.8,117,39.4
2010105,2017,228,59.8,196,51.4,75,19.7,307,80.6
2010123,2017,123,17.1,107,14.8,195,27,318,44.1
2010010,2017,55,16.6,40,12.1,45,13.6,170,51.4
2010015,2017,79,27.3,69,23.9,31,10.7,179,61.9
2010075,2017,171,59.4,162,56.3,52,18.1,216,75
2010020,2017,69,25.1,54,19.6,54,19.6,154,56
2010078,2017,342,55,292,46.9,162,26,487,78.3
2010040,2017,162,44.5,149,40.9,53,14.6,265,72.8
2010130,2017,44,18.9,34,14.6,24,10.3,101,43.3
2010115,2017,115,38.7,102,34.3,45,15.2,212,71.4
2010050,2017,131,38.8,109,32.2,54,16,259,76.6
2010070,2017,191,51.2,172,46.1,59,15.8,277,74.3
2010405,2017,291,32.9,177,20,182,20.6,530,59.9
2010505,2017,816,40.5,515,25.6,370,18.4,"1,187",58.9
2010410,2017,351,31.2,225,20,199,17.7,631,56.1
2010124,2017,153,61.9,139,56.3,25,10.1,190,76.9
2010415,2017,315,39.8,172,21.7,209,26.4,523,66
2010045,2017,147,18,114,14,246,30.1,564,69.1
2010125,2017,63,29,53,24.4,30,13.8,138,63.6
2010510,2017,14,22.2,8,12.7,59,93.7,53,84.1
2010515,2017,27,24.5,7,6.4,30,27.3,94,85.5
2010135,2017,37,16,34,14.7,30,13,133,57.6
35130305,2017,15,4.8,14,4.5,25,8,147,47
7280015,2017,1,0.6,0,0,30,17.8,64,37.9
2040030,2017,12,3.6,3,0.9,65,19.6,23,6.9
2040005,2017,30,4.7,9,1.4,109,17,59,9.2
2040505,2017,23,3,5,0.6,81,10.4,82,10.5
2040305,2017,13,2.4,3,0.6,78,14.4,42,7.7
2070005,2017,69,16.4,26,6.2,74,17.6,14,3.3
2070305,2017,133,25.3,29,5.5,115,21.9,61,11.6
2070015,2017,149,35.7,55,13.2,57,13.7,43,10.3
2070020,2017,90,22.4,45,11.2,63,15.7,28,7
2070025,2017,65,16.3,32,8,59,14.8,28,7
2070310,2017,199,25.7,17,2.2,170,22,49,6.3
2070040,2017,161,36.9,75,17.2,83,19,47,10.8
2070315,2017,158,17.2,32,3.5,168,18.3,86,9.4
2070055,2017,71,15.9,30,6.7,74,16.6,38,8.5
2070075,2017,107,25.7,39,9.4,62,14.9,41,9.8
2070120,2017,78,25,15,4.8,40,12.8,11,3.5
2070070,2017,122,35.3,67,19.4,76,22,72,20.8
2070080,2017,80,15.8,36,7.1,43,8.5,17,3.4
2070105,2017,190,41.9,61,13.4,77,17,38,8.4
2070108,2017,94,48.7,0,0,133,68.9,25,13
2070505,2017,371,17.5,58,2.7,522,24.6,221,10.4
2070510,2017,480,25.9,65,3.5,330,17.8,162,8.8
2070320,2017,186,29.1,47,7.4,126,19.7,65,10.2
2070100,2017,32,10.7,19,6.4,37,12.4,17,5.7
2070115,2017,75,24,32,10.2,38,12.1,40,12.8
2070125,2017,91,31.1,32,10.9,37,12.6,17,5.8
2070130,2017,72,21.4,47,13.9,41,12.2,33,9.8
2080005,2017,7,1.4,3,0.6,74,14.9,30,6.1
2080015,2017,18,4.1,14,3.2,59,13.3,28,6.3
9150705,2017,0,0,0,0,93,17.4,75,14
2090035,2017,2,0.5,1,0.3,114,29.3,251,64.5
2090008,2017,1,0.3,1,0.3,104,31,215,64
2090505,2017,5,1.1,1,0.2,104,23.7,234,53.3
2090015,2017,20,6.6,17,5.6,49,16.2,166,55
2110018,2017,37,6.7,2,0.4,66,12,32,5.8
2110001,2017,80,14.6,29,5.3,107,19.5,135,24.6
2110010,2017,38,8,8,1.7,76,15.9,33,6.9
2110015,2017,14,4.7,5,1.7,40,13.5,28,9.5
2110505,2017,93,6.7,7,0.5,151,10.9,150,10.8
2110305,2017,80,7,11,1,164,14.4,142,12.5
2110020,2017,41,11.3,26,7.2,51,14.1,87,24
2120007,2017,30,7.6,26,6.6,36,9.1,40,10.1
2120030,2017,40,11.9,31,9.2,94,27.9,134,39.8
2120010,2017,14,5,6,2.1,36,12.8,47,16.7
2120013,2017,45,6.6,21,3.1,108,15.8,85,12.4
2120505,2017,62,5.3,18,1.5,140,12,144,12.4
2120020,2017,31,22.8,0,0,21,15.4,30,22.1
2120305,2017,59,5.5,25,2.3,155,14.4,145,13.5
2120015,2017,19,6.1,13,4.2,33,10.6,34,10.9
2150015,2017,0,0,0,0,41,12.5,118,35.9
2150505,2017,5,2.2,0,0,28,12.2,79,34.3
7350010,2017,0,0,0,0,60,27.8,54,25
7350030,2017,10,2,5,1,82,16.7,88,18
7350310,2017,4,0.8,0,0,115,21.9,65,12.4
7350505,2017,15,1.9,5,0.6,109,13.7,100,12.6
7350515,2017,0,0,0,0,10,100,8,80
7350005,2017,20,4.7,15,3.5,66,15.5,96,22.5
7350002,2017,1,1.3,0,0,37,46.8,18,22.8
7350035,2017,1,0.2,0,0,113,20.1,109,19.4
2170003,2017,3,0.9,3,0.9,68,21.1,36,11.2
2170010,2017,2,0.6,1,0.3,65,19.1,39,11.4
2170005,2017,3,0.7,2,0.4,51,11.4,24,5.4
2170505,2017,11,1.4,4,0.5,126,15.5,48,5.9
2170305,2017,7,1.2,3,0.5,115,20,34,5.9
2100005,2017,40,15,32,12,69,25.9,90,33.8
2100020,2017,63,19.1,28,8.5,44,13.3,90,27.3
2100410,2017,50,7.8,17,2.7,147,23,172,27
2100025,2017,20,5.9,10,2.9,55,16.2,81,23.9
2100505,2017,69,7.9,18,2.1,131,15,163,18.6
2100029,2017,20,8.8,11,4.8,45,19.7,86,37.7
4060705,2017,20,4.1,12,2.5,175,36,151,31.1
7300505,2017,134,9.3,17,1.2,163,11.3,80,5.5
2130015,2017,53,22.2,13,5.4,37,15.5,43,18
2130003,2017,27,10.3,23,8.8,40,15.3,32,12.3
2130014,2017,50,18.6,20,7.4,47,17.5,22,8.2
2130020,2017,35,11.6,18,5.9,62,20.5,19,6.3
2130305,2017,79,12.3,13,2,111,17.3,51,8
2140005,2017,29,7.4,27,6.9,81,20.8,128,32.8
2140505,2017,19,3.3,6,1,77,13.2,140,24
2140305,2017,16,2.1,10,1.3,135,17.6,193,25.2
2140001,2017,28,5.3,16,3,90,17.1,178,33.8
8530605,2017,241,19.1,23,1.8,293,23.2,388,30.8
8510605,2017,0,0,0,0,93,19.2,146,30.2
2180060,2017,12,3.2,8,2.1,72,19.3,64,17.2
2180015,2017,3,0.7,2,0.5,63,15.7,68,17
2180010,2017,13,3.5,13,3.5,85,23.1,99,26.9
2180505,2017,8,1,5,0.7,105,13.8,104,13.6
2180305,2017,6,1,2,0.3,106,17.8,76,12.8
2190005,2017,14,2.9,2,0.4,64,13.5,23,4.8
2190505,2017,5,0.7,0,0,71,10,25,3.5
2190405,2017,9,1.7,0,0,84,16.2,18,3.5
2190020,2017,3,0.6,1,0.2,73,14.9,10,2
2200005,2017,93,32.6,48,16.8,59,20.7,100,35.1
2200025,2017,49,19.9,25,10.2,40,16.3,31,12.6
2200010,2017,46,22.8,31,15.3,51,25.2,64,31.7
2200305,2017,113,15,17,2.3,129,17.1,158,21
2200015,2017,52,15.3,34,10,78,22.9,67,19.7
2200075,2017,101,25.6,58,14.7,71,18,99,25.1
2200020,2017,36,15.4,14,6,45,19.2,59,25.2
2200505,2017,133,13.9,41,4.3,149,15.6,195,20.4
2210005,2017,87,19.9,73,16.7,78,17.8,97,22.2
8550605,2017,1,0.2,1,0.2,129,23.6,96,17.6
7400505,2017,7,0.9,0,0,83,11.1,59,7.9
7400405,2017,5,1,0,0,68,13.8,61,12.4
2230010,2017,8,2.4,7,2.1,93,28,170,51.2
2230015,2017,2,0.7,2,0.7,57,19.2,171,57.6
2240005,2017,8,3.7,7,3.3,35,16.3,47,21.9
2260010,2017,2,0.6,2,0.6,54,16.2,110,32.9
2260005,2017,0,0,0,0,48,11.5,142,34.1
2260505,2017,13,2.4,4,0.7,74,13.8,187,34.8
2260405,2017,7,1.7,1,0.2,69,16.3,135,31.8
2260305,2017,0,0,0,0,12,48,14,56
2270305,2017,4,1.6,2,0.8,48,19.4,102,41.1
2270008,2017,23,3.3,20,2.9,120,17.3,304,43.9
2270505,2017,17,3.5,5,1,90,18.5,149,30.7
8600605,2017,1,0.2,0,0,159,25.7,226,36.6
35010505,2017,123,37.5,34,10.4,58,17.7,228,69.5
2290005,2017,29,7.9,17,4.6,113,30.6,108,29.3
2290015,2017,40,10.4,27,7,57,14.8,119,30.8
2290305,2017,116,8.7,74,5.5,246,18.4,365,27.3
2290007,2017,1,0.4,0,0,41,14.9,42,15.3
2290016,2017,32,9.1,15,4.2,104,29.5,103,29.2
2290510,2017,83,5.4,81,5.3,296,19.2,422,27.4
2290035,2017,21,4.5,18,3.9,43,9.2,113,24.3
2290010,2017,114,18.4,86,13.9,76,12.3,276,44.6
2290045,2017,1,0.4,1,0.4,32,13.4,38,16
2290027,2017,106,28.5,81,21.8,55,14.8,203,54.6
2300005,2017,1,0.8,0,0,29,22,26,19.7
2310003,2017,7,1.4,7,1.4,69,13.4,109,21.2
2310010,2017,4,0.9,4,0.9,54,12.4,35,8
2310015,2017,13,2.3,7,1.2,76,13.2,70,12.2
2310305,2017,3,0.6,1,0.2,68,13.5,62,12.3
2310505,2017,3,0.3,1,0.1,100,10.3,104,10.7
7450020,2017,0,0,0,0,46,22.3,31,15
7450015,2017,0,0,0,0,74,21.3,24,6.9
7450005,2017,2,0.4,2,0.4,109,21.5,53,10.5
7450010,2017,0,0,0,0,56,23,47,19.3
7450405,2017,1,0.2,1,0.2,84,18.2,41,8.9
7450505,2017,1,0.1,1,0.1,83,11.3,64,8.7
2340005,2017,0,0,0,0,20,16.1,22,17.7
35080505,2017,31,16.1,29,15,60,31.1,157,81.3
4930505,2017,110,64.7,93,54.7,19,11.2,57,33.5
4940205,2017,380,70,187,34.4,44,8.1,207,38.1
35060505,2017,165,51.2,82,25.5,37,11.5,93,28.9
7500006,2017,2,1.1,0,0,36,20.5,55,31.3
7500008,2017,3,1.6,0,0,31,16.7,46,24.7
7500007,2017,1,2.6,0,0,11,28.2,11,28.2
7500505,2017,2,0.5,0,0,52,12.7,68,16.6
7500009,2017,0,0,0,0,6,10.5,15,26.3
4970205,2017,62,13.2,12,2.5,28,5.9,73,15.5
4790505,2017,0,0,0,0,74,18.6,85,21.4
2360010,2017,23,8.2,17,6,38,13.5,146,51.8
2360065,2017,23,5.2,19,4.3,157,35.8,316,72
2360035,2017,34,7.2,34,7.2,67,14.3,203,43.3
2360305,2017,44,7.9,20,3.6,143,25.8,294,53
2360055,2017,22,5.3,22,5.3,70,16.8,312,74.8
2360505,2017,89,10.3,47,5.5,221,25.7,331,38.4
2360045,2017,3,1.4,0,0,32,15.3,98,46.9
2360105,2017,44,12.2,33,9.1,47,13,286,79
2360090,2017,5,2.1,3,1.3,45,19.1,100,42.6
2360510,2017,36,5.1,9,1.3,124,17.6,287,40.7
2360310,2017,46,7.3,25,4,129,20.5,272,43.2
2360100,2017,17,5.3,16,5,45,13.9,89,27.6
2380010,2017,34,8.3,19,4.7,55,13.5,60,14.7
2380005,2017,27,8.8,9,2.9,51,16.7,46,15
2390005,2017,33,13.3,11,4.4,27,10.9,74,29.8
2390011,2017,6,1.5,0,0,96,23.3,130,31.6
2390010,2017,36,17.1,19,9,37,17.6,110,52.4
2390012,2017,0,0,0,0,75,13.3,102,18
2390015,2017,1,0.3,1,0.3,48,15.8,69,22.7
2390030,2017,37,6.3,13,2.2,72,12.2,139,23.5
2390405,2017,30,3,9,0.9,224,22.5,268,26.9
2390003,2017,2,1.7,0,0,72,62.1,35,30.2
2390505,2017,56,4.3,20,1.5,218,16.7,309,23.6
2390515,2017,5,0.5,0,0,213,20.8,169,16.5
2390305,2017,7,0.8,0,0,164,19.6,157,18.8
2390046,2017,1,0.2,0,0,83,15.1,126,23
2390047,2017,6,1.5,1,0.3,72,18.5,105,27
2400010,2017,0,0,0,0,34,16.3,42,20.1
4870550,2017,509,44.8,141,12.4,168,14.8,430,37.9
2420020,2017,28,21.7,22,17.1,24,18.6,48,37.2
7530005,2017,1,0.5,0,0,33,17,81,41.8
7530010,2017,3,0.9,1,0.3,61,19.3,60,19
7530515,2017,0,0,0,0,0,0,3,23.1
7530020,2017,0,0,0,0,32,29.6,21,19.4
7530025,2017,1,0.7,0,0,30,20.1,32,21.5
7530505,2017,13,1.9,1,0.1,101,14.9,133,19.7
7530405,2017,2,0.5,0,0,88,20.8,104,24.5
7530030,2017,5,1.4,4,1.1,75,20.4,116,31.5
7780505,2017,22,6,14,3.8,46,12.6,128,35.1
7780305,2017,5,2.1,5,2.1,30,12.7,85,35.9
7780005,2017,18,3.8,16,3.4,82,17.4,217,46
7780010,2017,6,1.8,6,1.8,58,17.8,94,28.8
2430005,2017,73,42.9,0,0,95,55.9,61,35.9
2430040,2017,33,12.3,27,10.1,74,27.6,75,28
2430305,2017,199,42.3,55,11.7,62,13.2,144,30.6
2430020,2017,123,35.1,59,16.9,27,7.7,105,30
2430310,2017,72,19.2,25,6.7,115,30.7,139,37.1
2430315,2017,203,31.8,34,5.3,69,10.8,158,24.7
2430025,2017,84,24.6,49,14.3,47,13.7,78,22.8
2430055,2017,292,50.8,107,18.6,62,10.8,254,44.2
2430075,2017,239,74,149,46.1,37,11.5,160,49.5
2430035,2017,218,42.9,155,30.5,38,7.5,237,46.7
2430060,2017,106,30.3,61,17.4,49,14,87,24.9
2430065,2017,256,59.7,156,36.4,29,6.8,146,34
2430510,2017,541,46.3,132,11.3,147,12.6,387,33.1
2430325,2017,112,33.4,27,8.1,47,14,148,44.2
2430505,2017,366,24.4,113,7.5,290,19.3,522,34.7
2430320,2017,106,31.2,21,6.2,76,22.4,177,52.1
2430090,2017,167,39,85,19.9,152,35.5,245,57.2
2430095,2017,76,22.5,41,12.1,67,19.8,81,24
2430110,2017,202,59.8,120,35.5,21,6.2,121,35.8
7550515,2017,0,0,0,0,0,0,5,13.2
7550505,2017,8,1.3,8,1.3,104,16.4,256,40.3
7550525,2017,6,7.6,6,7.6,1,1.3,24,30.4
2440020,2017,80,27,44,14.9,54,18.2,128,43.2
2440018,2017,135,27.9,46,9.5,180,37.2,254,52.5
2440015,2017,156,35.9,54,12.4,55,12.7,170,39.2
2440040,2017,127,39.7,82,25.6,61,19.1,145,45.3
2440410,2017,230,37.7,58,9.5,131,21.5,265,43.4
2440505,2017,306,45.1,61,9,131,19.3,290,42.7
2460002,2017,8,2.1,6,1.6,29,7.6,28,7.3
2460305,2017,6,1.3,1,0.2,97,20.8,29,6.2
2460005,2017,4,1,2,0.5,66,17.2,25,6.5
2460017,2017,20,4.7,15,3.5,53,12.5,42,9.9
2460010,2017,11,2.6,7,1.6,44,10.4,39,9.2
2460505,2017,26,2.1,5,0.4,229,18.1,75,5.9
2460001,2017,0,0,0,0,22,24.2,7,7.7
2460310,2017,13,2.3,5,0.9,85,14.9,44,7.7
2460020,2017,6,1.9,5,1.6,49,15.6,19,6
2480003,2017,346,47.4,148,20.3,113,15.5,303,41.5
2480025,2017,345,51.6,153,22.9,108,16.1,289,43.2
2480013,2017,211,57,95,25.7,74,20,159,43
2480056,2017,559,66.3,273,32.4,113,13.4,382,45.3
2480057,2017,341,63,78,14.4,52,9.6,213,39.4
2480050,2017,272,55.1,115,23.3,76,15.4,240,48.6
2480505,2017,"1,109",60.4,263,14.3,185,10.1,705,38.4
2480014,2017,302,50.9,14,2.4,122,20.6,250,42.2
2480520,2017,56,46.3,14,11.6,29,24,65,53.7
2480035,2017,452,64.9,197,28.3,84,12.1,306,44
2480305,2017,325,58.3,73,13.1,69,12.4,200,35.9
2490005,2017,0,0,0,0,9,5.2,30,17.3
4830305,2017,3,0.5,0,0,96,14.4,59,8.9
4820050,2017,5,1.7,0,0,35,12.2,18,6.3
2500005,2017,3,0.6,2,0.4,84,18,58,12.4
2510060,2017,36,10.8,21,6.3,34,10.2,128,38.6
2510305,2017,56,8.2,17,2.5,133,19.6,209,30.7
2510020,2017,26,9.5,18,6.5,22,8,97,35.3
2510025,2017,31,10.2,19,6.3,40,13.2,106,34.9
2510505,2017,36,5.1,17,2.4,27,3.8,192,27.3
2520005,2017,3,0.7,3,0.7,68,16.7,78,19.2
2520510,2017,4,1.4,0,0,49,16.7,39,13.3
2520305,2017,1,0.4,0,0,42,18.5,37,16.3
2530005,2017,0,0,0,0,17,28.8,11,18.6
4840505,2017,462,35.4,293,22.4,202,15.5,732,56
4410505,2017,93,5.9,84,5.3,205,13,579,36.7
2580003,2017,45,13.8,18,5.5,73,22.3,148,45.3
2580015,2017,42,17.6,16,6.7,52,21.8,113,47.3
2580305,2017,131,24,45,8.3,116,21.3,258,47.3
2580030,2017,62,21.6,33,11.5,34,11.8,157,54.7
2580025,2017,250,56.3,164,36.9,47,10.6,283,63.7
2580510,2017,10,24.4,5,12.2,16,39,26,63.4
2580001,2017,2,2.2,0,0,34,37,43,46.7
2580505,2017,315,33.8,127,13.6,229,24.5,424,45.4
2580515,2017,3,23.1,0,0,12,92.3,8,61.5
2580050,2017,96,25.8,36,9.7,58,15.6,125,33.6
2580070,2017,97,20.3,34,7.1,90,18.8,174,36.3
4850485,2017,78,17.6,45,10.2,0,0,141,31.9
2610002,2017,15,2.3,15,2.3,92,14.3,144,22.4
2610025,2017,7,0.8,6,0.7,154,17.1,152,16.8
2610505,2017,7,1,4,0.6,101,14.2,69,9.7
2610305,2017,6,1.3,3,0.6,81,17.2,69,14.7
2620001,2017,3,2.7,0,0,37,33.6,22,20
2620305,2017,92,14.1,14,2.1,97,14.9,157,24.1
2620067,2017,34,16.5,12,5.8,15,7.3,62,30.1
2620040,2017,42,17.9,14,6,41,17.4,51,21.7
2620050,2017,37,17.3,22,10.3,28,13.1,87,40.7
2620505,2017,87,12.8,15,2.2,87,12.8,174,25.7
2620065,2017,76,15,28,5.5,87,17.1,136,26.8
2630010,2017,0,0,0,0,9,18.4,24,49
2640007,2017,4,1.1,4,1.1,34,9.4,27,7.4
2640305,2017,10,1.9,4,0.8,75,14.4,46,8.8
2640010,2017,6,1.9,3,1,50,16,14,4.5
2640015,2017,4,0.9,2,0.4,56,12.1,68,14.7
2640505,2017,9,1,2,0.2,112,12.3,91,10
2640020,2017,15,3.5,10,2.3,60,14.1,45,10.5
2650405,2017,23,4.4,5,1,87,16.8,75,14.5
2650007,2017,35,8,27,6.2,59,13.5,87,19.9
2650015,2017,23,5.5,13,3.1,57,13.7,51,12.3
2650505,2017,18,3.1,6,1,87,14.9,85,14.6
4860105,2017,283,42.4,174,26.1,98,14.7,369,55.3
2660005,2017,124,23.6,45,8.6,37,7,31,5.9
2660010,2017,135,29.5,25,5.5,44,9.6,29,6.3
2660015,2017,175,33.1,26,4.9,59,11.2,35,6.6
2660505,2017,196,18.5,7,0.7,132,12.5,66,6.2
2660305,2017,236,26.3,14,1.6,117,13,70,7.8
8710605,2017,12,0.9,0,0,321,24,175,13.1
2690010,2017,25,5.8,7,1.6,61,14.2,17,4
2710005,2017,174,54.7,27,8.5,34,10.7,35,11
2710015,2017,168,41.1,32,7.8,48,11.7,65,15.9
2710020,2017,313,43.4,50,6.9,71,9.8,70,9.7
2710030,2017,265,26.4,25,2.5,142,14.2,89,8.9
2710040,2017,110,47.4,44,19,56,24.1,34,14.7
2710305,2017,288,29.5,17,1.7,132,13.5,93,9.5
2710505,2017,407,22.7,45,2.5,207,11.6,143,8
2710035,2017,83,22.3,5,1.3,41,11,22,5.9
2710025,2017,64,17.5,4,1.1,54,14.8,15,4.1
2720005,2017,1,0.8,1,0.8,18,14.9,37,30.6
4770010,2017,39,6.9,22,3.9,0,0,140,24.7
7600505,2017,4,0.3,0,0,206,16.1,190,14.9
7600405,2017,3,0.5,2,0.4,80,14.1,69,12.1
4740505,2017,7,1.9,3,0.8,89,24.1,115,31.1
2730005,2017,8,2,7,1.7,71,17.6,95,23.5
2730008,2017,1,0.2,0,0,51,10.1,115,22.7
2730305,2017,7,1.1,0,0,83,13.5,103,16.7
2730015,2017,7,2.6,7,2.6,27,10.2,65,24.4
7630505,2017,14,1.4,3,0.3,99,9.8,140,13.9
2740087,2017,283,50.2,150,26.6,84,14.9,184,32.6
2740075,2017,213,49.8,92,21.5,104,24.3,229,53.5
2740015,2017,30,12.7,4,1.7,20,8.5,31,13.1
2740005,2017,170,51.2,135,40.7,77,23.2,106,31.9
2740111,2017,516,71.2,207,28.6,123,17,334,46.1
2740510,2017,21,34.4,1,1.6,41,67.2,45,73.8
2740083,2017,85,18,9,1.9,136,28.9,138,29.3
2740410,2017,10,62.5,0,0,10,62.5,10,62.5
2740505,2017,723,57.4,194,15.4,213,16.9,499,39.6
2740115,2017,100,26.5,17,4.5,66,17.5,137,36.3
2740120,2017,278,60.2,137,29.7,136,29.4,229,49.6
2780305,2017,36,6.5,16,2.9,82,14.9,156,28.3
2780020,2017,40,9.3,29,6.8,68,15.9,120,28
2780015,2017,23,6.7,20,5.8,77,22.4,101,29.4
2780505,2017,8,1.5,2,0.4,73,13.4,105,19.3
8290605,2017,144,20.1,53,7.4,318,44.4,273,38.1
4880550,2017,205,27,120,15.8,119,15.7,110,14.5
8730605,2017,1,0.2,0,0,196,30.8,163,25.6
2750005,2017,18,3.5,11,2.1,103,19.8,81,15.6
2760050,2017,30,12.2,17,6.9,33,13.5,10,4.1
2760020,2017,36,12.1,18,6,39,13.1,14,4.7
2760008,2017,23,7.8,22,7.5,43,14.7,12,4.1
2760305,2017,56,12.2,22,4.8,55,12,14,3.1
2770005,2017,103,24.5,89,21.1,72,17.1,291,69.1
2770010,2017,106,42.1,53,21,53,21,180,71.4
2770515,2017,157,30.8,97,19.1,110,21.6,326,64
2770315,2017,127,25,99,19.4,112,22,344,67.6
2770020,2017,132,30.6,112,26,85,19.7,281,65.2
8720605,2017,336,23.7,25,1.8,300,21.2,553,39.1
7650505,2017,12,4.1,4,1.4,53,18.2,86,29.5
7650018,2017,0,0,0,0,1,1.1,21,23.3
7650030,2017,0,0,0,0,0,0,0,0
7650035,2017,16,4.8,10,3,46,13.9,116,35.2
8760605,2017,4,0.4,0,0,163,14.6,298,26.8
7660215,2017,0,0,0,0,19,23.2,20,24.4
7660315,2017,18,4.6,16,4.1,90,23,108,27.6
7660505,2017,18,2.4,6,0.8,140,19,124,16.8
7660010,2017,15,4.4,11,3.3,69,20.4,91,26.9
7670505,2017,5,1.5,2,0.6,40,11.8,111,32.8
7670008,2017,2,0.9,1,0.5,66,31.1,56,26.4
7670415,2017,2,0.5,2,0.5,87,21,143,34.5
7670040,2017,12,2.8,11,2.6,89,20.7,153,35.6
2810095,2017,19,4.6,7,1.7,19,4.6,163,39.7
2810175,2017,59,21.4,33,12,39,14.1,189,68.5
2810165,2017,35,13,21,7.8,43,15.9,208,77
2810360,2017,13,28.3,8,17.4,24,52.2,41,89.1
2810025,2017,124,38.4,86,26.6,47,14.6,296,91.6
2810365,2017,134,45,88,29.5,79,26.5,262,87.9
2810366,2017,127,40.1,84,26.5,67,21.1,269,84.9
2810367,2017,71,24.9,21,7.4,62,21.8,210,73.7
2810475,2017,65,19.3,37,11,52,15.4,231,68.5
2810035,2017,103,21.6,67,14,73,15.3,359,75.3
2810001,2017,29,20.1,0,0,71,49.3,115,79.9
2810010,2017,282,35.8,152,19.3,203,25.8,633,80.3
2810030,2017,99,26.1,65,17.2,98,25.9,310,81.8
2810325,2017,267,37.4,167,23.4,154,21.6,577,80.8
2810075,2017,49,15.6,34,10.8,62,19.7,230,73
2810080,2017,143,24.1,81,13.6,105,17.7,411,69.2
2810575,2017,3,11.1,0,0,2,7.4,14,51.9
2810580,2017,7,14.6,3,6.3,3,6.3,33,68.8
2810195,2017,259,35.4,165,22.6,124,17,582,79.6
2810065,2017,60,19.9,36,12,51,16.9,215,71.4
2810068,2017,78,21.7,52,14.5,108,30.1,252,70.2
2810510,2017,470,37.6,315,25.2,274,21.9,923,73.8
2810050,2017,66,20.4,35,10.8,58,18,257,79.6
2810085,2017,120,27.5,84,19.3,67,15.4,368,84.4
2810100,2017,115,17.3,65,9.8,120,18,518,77.8
2810328,2017,104,23.9,63,14.5,92,21.1,365,83.9
2810320,2017,149,22.2,81,12.1,164,24.4,484,72
2810110,2017,117,38.2,94,30.7,40,13.1,264,86.3
2810115,2017,85,29.5,64,22.2,38,13.2,209,72.6
2810560,2017,2,15.4,0,0,5,38.5,9,69.2
2810120,2017,164,40.6,117,29,71,17.6,352,87.1
2810330,2017,158,24.6,78,12.1,151,23.5,524,81.5
2810060,2017,20,9.1,6,2.7,124,56.6,157,71.7
2810125,2017,63,19,39,11.7,47,14.2,203,61.1
2810140,2017,38,14.3,20,7.5,30,11.3,220,82.7
2810155,2017,114,37,84,27.3,42,13.6,232,75.3
2810145,2017,86,19.3,61,13.7,78,17.5,319,71.5
2810023,2017,167,29,106,18.4,111,19.3,517,89.8
2810055,2017,190,24.5,92,11.9,188,24.3,662,85.4
2810620,2017,406,28.2,145,10.1,231,16,949,65.8
2810020,2017,60,18,50,15,58,17.4,242,72.7
2810355,2017,96,39,62,25.2,48,19.5,218,88.6
2810500,2017,547,26.6,258,12.6,335,16.3,"1,283",62.4
2810570,2017,26,22.2,15,12.8,46,39.3,103,88
2810530,2017,474,34.7,288,21.1,294,21.5,"1,010",73.9
2810005,2017,9,16.7,6,11.1,53,98.1,48,88.9
2810550,2017,33,29.7,18,16.2,111,100,92,82.9
2810345,2017,11,19.6,9,16.1,56,100,50,89.3
2810350,2017,56,19.4,19,6.6,37,12.8,194,67.4
2810160,2017,160,27.8,99,17.2,144,25,458,79.5
2810205,2017,83,11.6,15,2.1,113,15.8,341,47.8
2810015,2017,35,10.8,16,5,59,18.3,205,63.5
2810480,2017,111,33.6,64,19.4,69,20.9,263,79.7
2810485,2017,90,24.7,49,13.4,95,26,255,69.9
2810180,2017,40,14.3,21,7.5,36,12.9,191,68.5
2810185,2017,126,29,78,18,74,17.1,323,74.4
2810190,2017,145,32.3,110,24.5,58,12.9,371,82.6
2810045,2017,107,35.9,74,24.8,62,20.8,256,85.9
35100205,2017,42,25.8,42,25.8,7,4.3,115,70.6
2840005,2017,22,8.3,10,3.8,61,22.9,32,12
2840025,2017,62,16.8,22,6,82,22.3,74,20.1
2840030,2017,32,9.6,18,5.4,37,11.1,70,21
2840405,2017,87,12.3,16,2.3,124,17.6,121,17.1
2840505,2017,69,10.2,16,2.4,84,12.4,87,12.8
2850012,2017,0,0,0,0,33,36.7,15,16.7
2850010,2017,23,9.3,11,4.4,37,14.9,68,27.4
2850025,2017,41,11.3,10,2.8,60,16.5,89,24.5
2850014,2017,46,12.2,16,4.2,62,16.4,99,26.2
2850405,2017,124,15.6,26,3.3,107,13.4,229,28.7
2850015,2017,23,9,12,4.7,23,9,65,25.5
2850505,2017,160,15.1,25,2.4,131,12.3,233,22
2850020,2017,88,24.2,58,16,41,11.3,152,41.9
2870005,2017,10,1.1,3,0.3,100,10.9,137,14.9
4890505,2017,18,2.2,0,0,90,11.2,109,13.6
2880305,2017,24,2.5,6,0.6,168,17.2,48,4.9
2880025,2017,10,2.8,6,1.7,39,10.9,19,5.3
2880015,2017,10,2.1,4,0.8,66,13.6,33,6.8
2880010,2017,18,4.7,5,1.3,56,14.5,16,4.1
2880030,2017,26,4.4,10,1.7,73,12.3,24,4
2890005,2017,35,13.6,16,6.2,45,17.5,77,30
2900003,2017,6,1.9,5,1.6,56,17.7,29,9.2
2900005,2017,9,2.7,6,1.8,70,21.1,34,10.3
2900510,2017,2,0.5,0,0,46,10.8,30,7
2900305,2017,9,2.4,3,0.8,70,18.7,26,6.9
2910005,2017,28,13.6,26,12.6,35,17,36,17.5
2910010,2017,50,16.8,30,10.1,32,10.8,64,21.5
2910020,2017,24,8.6,13,4.7,26,9.4,16,5.8
2910505,2017,47,6.9,7,1,83,12.3,89,13.1
2910305,2017,76,9.8,14,1.8,124,16,110,14.2
2920006,2017,2,0.7,1,0.3,34,11.4,59,19.7
2920015,2017,0,0,0,0,9,3.7,57,23.5
2920505,2017,8,1.5,2,0.4,53,10,114,21.6
2920305,2017,8,1.6,6,1.2,56,11.3,98,19.7
2920020,2017,4,1.8,0,0,30,13.6,47,21.4
2920017,2017,4,1.5,2,0.8,43,16.3,46,17.5
7700405,2017,10,1.7,0,0,69,11.9,113,19.4
7700505,2017,7,0.9,1,0.1,45,5.9,98,12.9
7700605,2017,2,0.4,0,0,93,18.7,116,23.3
2930315,2017,44,5.5,13,1.6,145,18,290,36.1
2930010,2017,42,6.9,18,3,126,20.8,216,35.6
2930007,2017,30,9,18,5.4,35,10.5,110,33
2930005,2017,21,6.4,7,2.1,139,42.2,145,44.1
2930027,2017,79,13,52,8.5,89,14.6,359,58.9
2930057,2017,48,19.5,40,16.3,42,17.1,155,63
2930035,2017,16,5.5,7,2.4,49,16.8,164,56.2
2930305,2017,66,14.6,26,5.7,79,17.4,256,56.5
2930008,2017,29,5.5,15,2.8,97,18.3,163,30.8
2930042,2017,57,7.9,11,1.5,127,17.6,288,39.9
2930015,2017,65,13.3,46,9.4,93,19,263,53.8
2930525,2017,4,4.5,1,1.1,30,33.7,54,60.7
2930505,2017,247,9.9,66,2.6,366,14.6,927,37.1
39020900,2017,69,6.2,24,2.1,228,20.4,404,36.1
2950010,2017,11,3.3,7,2.1,25,7.4,49,14.5
2950023,2017,12,2.2,6,1.1,108,20.1,75,14
2950305,2017,16,2.6,7,1.1,119,19.3,81,13.1
2950001,2017,22,3.9,17,3,92,16.3,98,17.4
2950025,2017,13,5.1,3,1.2,41,16.1,37,14.5
2950020,2017,8,3.1,5,1.9,56,21.8,39,15.2
2950505,2017,14,1.4,7,0.7,141,14.4,121,12.3
2960005,2017,107,33.3,80,24.9,45,14,98,30.5
2980005,2017,4,1.6,0,0,52,21.3,19,7.8
2980010,2017,3,0.8,0,0,59,15.4,25,6.5
8780605,2017,5,0.5,4,0.4,302,29.5,213,20.8
7730020,2017,3,0.7,0,0,71,16.1,47,10.7
7730025,2017,7,1.5,4,0.8,61,13,68,14.4
7730015,2017,22,4.5,7,1.4,68,13.8,175,35.4
7730505,2017,24,3.4,3,0.4,91,12.7,102,14.2
7730405,2017,8,2,0,0,62,15.7,70,17.8
3000005,2017,0,0,0,0,17,14.7,28,24.1
3010020,2017,43,5.5,17,2.2,120,15.2,127,16.1
3010505,2017,13,2.6,4,0.8,45,8.9,46,9.1
3010305,2017,17,4.1,7,1.7,67,16,67,16
4800405,2017,222,47,82,17.4,91,19.3,311,65.9
35050405,2017,285,38.3,157,21.1,145,19.5,470,63.2
7740010,2017,0,0,0,0,6,13.6,8,18.2
7740020,2017,28,8,21,6,75,21.5,74,21.2
8790605,2017,0,0,0,0,124,17.5,183,25.8
3040515,2017,0,0,0,0,0,0,15,32.6
3040015,2017,8,1.9,4,1,55,13.1,72,17.2
3040005,2017,8,1.7,7,1.5,85,17.8,106,22.2
3040505,2017,17,3.5,5,1,72,14.9,83,17.2
3040020,2017,14,3.4,6,1.5,51,12.4,87,21.2
4980405,2017,76,24.3,37,11.8,51,16.3,209,66.8
7750310,2017,8,2,4,1,68,16.9,41,10.2
7750315,2017,7,1.9,2,0.5,42,11.1,32,8.5
7750018,2017,17,3.7,8,1.8,49,10.7,52,11.4
7750020,2017,50,9.9,32,6.3,59,11.6,51,10.1
7750001,2017,8,5.3,0,0,71,47.3,32,21.3
7750060,2017,12,3.3,9,2.5,59,16.4,49,13.6
7750027,2017,7,1.8,2,0.5,54,13.8,42,10.7
7750032,2017,30,6.1,20,4.1,60,12.2,51,10.4
7750305,2017,48,5.9,10,1.2,92,11.4,76,9.4
7750005,2017,13,4,11,3.4,35,10.8,45,13.9
7750040,2017,24,4.8,16,3.2,73,14.7,63,12.7
7750045,2017,3,0.8,0,0,56,14.2,22,5.6
7750505,2017,69,3.2,13,0.6,268,12.5,183,8.6
3050005,2017,9,2,7,1.6,53,12,49,11.1
3050001,2017,16,12.4,0,0,29,22.5,11,8.5
3050310,2017,28,2.6,9,0.8,200,18.4,145,13.4
3050020,2017,6,2.7,4,1.8,30,13.5,19,8.5
3050505,2017,31,3.1,12,1.2,143,14.1,129,12.7
3050040,2017,4,2,3,1.5,17,8.5,14,7
3050015,2017,37,8.4,26,5.9,66,14.9,80,18.1
3060005,2017,0,0,0,0,18,11,47,28.7
3070305,2017,36,7.5,15,3.1,84,17.5,53,11
3070010,2017,37,9.8,15,4,42,11.1,50,13.2
3070002,2017,16,19.5,6,7.3,36,43.9,14,17.1
3070310,2017,45,10.1,10,2.2,54,12.1,50,11.2
3070005,2017,45,10.5,8,1.9,52,12.1,42,9.8
3070015,2017,52,11.4,24,5.3,59,12.9,42,9.2
3070018,2017,34,7.7,15,3.4,42,9.5,49,11.1
3070505,2017,75,6.6,9,0.8,148,12.9,95,8.3
3080032,2017,129,29.9,47,10.9,54,12.5,89,20.6
3080065,2017,351,78.9,224,50.3,48,10.8,172,38.7
3080060,2017,157,35,76,17,50,11.2,92,20.5
3080404,2017,177,35,69,13.7,97,19.2,140,27.7
3080415,2017,255,43.5,31,5.3,139,23.7,165,28.2
3080040,2017,201,38.4,94,18,96,18.4,145,27.7
3080050,2017,228,51.9,141,32.1,57,13,156,35.5
3080001,2017,21,52.5,20,50,2,5,8,20
3080505,2017,713,45,247,15.6,266,16.8,412,26
3080005,2017,239,52.3,105,23,108,23.6,110,24.1
3090020,2017,6,1.4,5,1.2,68,16.4,228,55.1
3090505,2017,11,2.3,4,0.8,79,16.6,193,40.6
3090305,2017,10,3,7,2.1,46,13.6,157,46.6
3100003,2017,3,0.5,3,0.5,119,19.6,347,57.1
3100017,2017,7,1.4,4,0.8,157,31,291,57.4
3100315,2017,0,0,0,0,17,27.9,29,47.5
3100305,2017,17,2.2,7,0.9,183,23.9,352,45.9
3100505,2017,6,1.2,2,0.4,119,23,222,42.9
3140015,2017,73,24.7,32,10.8,34,11.5,63,21.3
3140020,2017,198,31.3,84,13.3,124,19.6,159,25.1
3140025,2017,121,28,50,11.6,71,16.4,106,24.5
3140505,2017,240,36.3,50,7.6,140,21.1,156,23.6
3140305,2017,192,33.7,44,7.7,118,20.7,140,24.6
3150005,2017,24,4.5,14,2.6,85,15.8,24,4.5
3150015,2017,25,6.5,12,3.1,67,17.4,29,7.5
3150020,2017,27,10.5,21,8.2,31,12.1,12,4.7
3150505,2017,71,8.6,12,1.4,170,20.5,30,3.6
3150305,2017,68,10.7,6,0.9,106,16.7,29,4.6
3160505,2017,51,11.5,26,5.9,70,15.8,181,40.9
3160015,2017,76,9,68,8,171,20.2,479,56.7
3160315,2017,42,7.4,20,3.5,112,19.8,272,48.1
3170050,2017,5,2.3,2,0.9,47,21.2,6,2.7
3170025,2017,5,2,3,1.2,30,12,6,2.4
3170020,2017,29,9.4,19,6.2,34,11,14,4.5
3170015,2017,66,15,34,7.7,59,13.4,45,10.2
3170005,2017,2,0.5,1,0.3,38,10,7,1.8
3170045,2017,12,3.3,5,1.4,42,11.4,30,8.2
3170048,2017,26,6.6,14,3.6,52,13.3,18,4.6
3170305,2017,64,5.6,16,1.4,171,14.9,64,5.6
3170505,2017,109,7.2,11,0.7,234,15.5,98,6.5
3180005,2017,3,2.7,2,1.8,25,22.1,35,31
3220005,2017,25,6.2,17,4.2,67,16.7,77,19.2
3220505,2017,13,2.5,8,1.6,65,12.7,87,17
3230305,2017,0,0,0,0,24,8.9,48,17.8
3230003,2017,5,1.9,5,1.9,25,9.7,43,16.7
3230005,2017,5,3.5,3,2.1,16,11.3,25,17.7
3230505,2017,5,0.8,2,0.3,49,7.9,87,14.1
3320515,2017,3,21.4,0,0,4,28.6,8,57.1
3320001,2017,41,34.2,3,2.5,53,44.2,69,57.5
3320005,2017,38,16.8,6,2.7,35,15.5,100,44.2
3320010,2017,63,13.6,5,1.1,91,19.7,144,31.2
3320025,2017,83,35.2,1,0.4,35,14.8,155,65.7
3320030,2017,14,8.6,0,0,22,13.5,69,42.3
3320007,2017,320,62.1,251,48.7,71,13.8,347,67.4
3320040,2017,16,7,2,0.9,22,9.7,48,21.1
3320505,2017,351,28.8,82,6.7,230,18.9,469,38.5
3320305,2017,266,29.2,61,6.7,183,20.1,386,42.3
3210010,2017,60,17.6,41,12,55,16.1,20,5.9
3210025,2017,158,32.5,127,26.1,89,18.3,64,13.2
3210005,2017,131,32.8,78,19.5,60,15,25,6.3
3210045,2017,199,22.4,72,8.1,141,15.9,62,7
3210305,2017,125,19.7,19,3,111,17.5,53,8.3
3210505,2017,193,18.3,22,2.1,113,10.7,80,7.6
3250020,2017,7,3.2,3,1.4,24,11,103,47.2
3250003,2017,2,1.1,0,0,75,42.9,79,45.1
3250015,2017,18,7.2,2,0.8,33,13.1,161,64.1
3250025,2017,193,48.7,149,37.6,45,11.4,246,62.1
3250033,2017,11,2.8,1,0.3,71,18,75,19
3250305,2017,22,3.4,2,0.3,118,18.4,166,25.9
3250036,2017,11,2.5,5,1.2,58,13.4,188,43.4
3250055,2017,5,2.7,0,0,27,14.7,43,23.4
3250310,2017,67,11.4,35,5.9,127,21.5,222,37.6
3250040,2017,25,5.5,10,2.2,73,16.1,171,37.7
3250505,2017,69,5.4,32,2.5,192,15.1,337,26.6
3250605,2017,41,7.6,6,1.1,153,28.3,186,34.4
3260004,2017,10,2.8,5,1.4,52,14.6,23,6.5
3260310,2017,101,16.4,12,2,75,12.2,29,4.7
3260025,2017,43,15.9,12,4.4,20,7.4,14,5.2
3260007,2017,100,28,14,3.9,53,14.8,21,5.9
3260045,2017,64,19,12,3.6,50,14.9,18,5.4
3260013,2017,41,34.5,0,0,55,46.2,11,9.2
3260015,2017,16,4.4,8,2.2,42,11.6,23,6.4
3260055,2017,75,22.4,26,7.8,55,16.4,22,6.6
3260330,2017,85,12.3,4,0.6,91,13.2,27,3.9
3260505,2017,169,10.1,12,0.7,165,9.8,61,3.6
3270005,2017,2,1.5,1,0.8,27,20.8,16,12.3
3300010,2017,28,9.8,18,6.3,39,13.7,14,4.9
3300012,2017,31,8.9,13,3.7,52,15,14,4
3300505,2017,93,13.2,23,3.3,120,17,41,5.8
3300305,2017,54,10.5,14,2.7,83,16.1,18,3.5
3300015,2017,21,7,16,5.3,47,15.6,14,4.6
3310015,2017,11,2.9,9,2.3,65,17,104,27.2
3310030,2017,7,1.4,3,0.6,86,17.5,111,22.6
3310515,2017,18,3.1,3,0.5,88,15.3,118,20.5
3350010,2017,14,6.3,10,4.5,28,12.6,11,4.9
3350012,2017,10,4.1,3,1.2,48,19.7,13,5.3
3350305,2017,27,3.4,2,0.3,130,16.4,36,4.5
3350017,2017,12,4.1,0,0,26,8.9,12,4.1
3350015,2017,25,11.3,6,2.7,34,15.3,18,8.1
3350505,2017,34,3.4,2,0.2,181,18.1,41,4.1
3350050,2017,1,2.4,0,0,17,40.5,4,9.5
3350025,2017,10,2.9,2,0.6,48,14,18,5.2
3360310,2017,90,9.6,13,1.4,140,14.9,287,30.6
3360005,2017,54,17,29,9.1,46,14.5,74,23.3
3360050,2017,12,5,5,2.1,53,22.1,57,23.8
3360003,2017,14,7,0,0,73,36.7,46,23.1
3360065,2017,7,3.2,0,0,59,26.8,72,32.7
3360020,2017,56,6.1,7,0.8,150,16.4,232,25.3
3360085,2017,46,16.3,32,11.3,44,15.6,89,31.6
3360060,2017,5,2.2,1,0.4,28,12.1,53,22.9
3360105,2017,57,16.5,32,9.3,41,11.9,77,22.3
3360110,2017,16,5.4,0,0,51,17.3,66,22.4
3360505,2017,156,8,41,2.1,300,15.4,483,24.7
3360080,2017,102,28.9,53,15,35,9.9,172,48.7
3370005,2017,1,0.8,0,0,21,16.3,31,24
7800315,2017,2,0.5,1,0.2,70,17.4,67,16.7
7800035,2017,1,0.3,0,0,61,17.8,58,16.9
7800030,2017,6,1.2,3,0.6,43,8.7,127,25.7
7800010,2017,8,1.4,5,0.9,52,9.3,118,21
7800025,2017,4,0.9,1,0.2,78,18.1,65,15.1
7800505,2017,16,1.4,4,0.3,153,13.1,205,17.5
7800310,2017,10,1.7,7,1.2,80,13.4,113,18.9
8850605,2017,45,3.4,8,0.6,333,25.4,381,29.1
3400020,2017,3,1.9,2,1.3,24,15.2,27,17.1
3410010,2017,0,0,0,0,56,12.4,80,17.8
3420005,2017,7,4.4,0,0,30,19,18,11.4
3420060,2017,11,4.1,2,0.7,44,16.3,29,10.7
3420025,2017,13,3.6,7,1.9,69,19.2,31,8.6
3420080,2017,6,2.4,2,0.8,58,22.8,29,11.4
3420015,2017,2,1.1,0,0,36,20.2,17,9.6
3420505,2017,21,2.4,6,0.7,116,13,72,8.1
3420330,2017,9,1,3,0.3,151,17.4,79,9.1
3420020,2017,10,2.4,6,1.5,72,17.5,56,13.6
3430040,2017,6,2.2,5,1.8,56,20.4,140,50.9
3430405,2017,0,0,0,0,10,35.7,17,60.7
3430515,2017,10,3.5,2,0.7,62,21.5,107,37
3430315,2017,13,4.4,5,1.7,47,15.9,100,33.8
3430050,2017,10,3.6,5,1.8,51,18.1,108,38.4
3430010,2017,0,0,0,0,18,21.7,31,37.3
3440045,2017,29,6.6,13,3,66,15,5,1.1
3440005,2017,27,6.6,9,2.2,51,12.4,7,1.7
3440020,2017,166,30.4,66,12.1,86,15.8,51,9.3
3440305,2017,168,14.8,15,1.3,208,18.4,48,4.2
3440040,2017,48,11.9,19,4.7,53,13.1,22,5.4
3440025,2017,105,24.9,25,5.9,54,12.8,12,2.8
3440505,2017,150,11.8,19,1.5,228,18,71,5.6
3460020,2017,99,21.6,37,8.1,74,16.2,123,26.9
3460015,2017,106,22.5,61,12.9,62,13.1,140,29.7
3460505,2017,82,14.2,23,4,104,18.1,153,26.6
3460305,2017,82,17.6,20,4.3,83,17.8,110,23.7
3470040,2017,42,9.2,22,4.8,65,14.2,71,15.5
3470410,2017,62,12.4,15,3,105,21.1,108,21.7
3470020,2017,11,5.3,7,3.4,15,7.2,28,13.5
3470005,2017,36,11.2,15,4.7,35,10.9,104,32.4
3470405,2017,82,16.2,18,3.6,81,16,131,25.8
3470025,2017,57,25.4,18,8,25,11.2,69,30.8
3470055,2017,72,22.4,24,7.5,27,8.4,110,34.2
3470065,2017,85,34.6,25,10.2,33,13.4,77,31.3
3470043,2017,72,21.8,44,13.3,103,31.1,129,39
3470505,2017,234,17.6,60,4.5,190,14.3,293,22
3470060,2017,23,12.7,7,3.9,16,8.8,33,18.2
3480020,2017,374,67,302,54.1,89,15.9,430,77.1
3480405,2017,240,42.6,132,23.4,133,23.6,309,54.9
3480503,2017,450,44,261,25.5,264,25.8,560,54.7
3480035,2017,136,52.5,91,35.1,49,18.9,182,70.3
3480045,2017,265,70.5,185,49.2,67,17.8,272,72.3
3480050,2017,372,72.4,287,55.8,69,13.4,418,81.3
3480052,2017,384,82.8,333,71.8,64,13.8,309,66.6
3480053,2017,276,55.5,208,41.9,92,18.5,368,74
3480350,2017,415,78,217,40.8,62,11.7,346,65
3480055,2017,140,69,114,56.2,39,19.2,164,80.8
3480060,2017,301,63.2,221,46.4,93,19.5,329,69.1
3480512,2017,745,47.9,354,22.8,257,16.5,683,43.9
3480095,2017,336,67.3,257,51.5,91,18.2,366,73.3
3480090,2017,123,30.4,67,16.6,30,7.4,78,19.3
3480415,2017,469,47,232,23.3,198,19.9,449,45
3480177,2017,142,47.5,100,33.4,61,20.4,173,57.9
3480110,2017,284,47.7,186,31.2,201,33.7,344,57.7
3480100,2017,350,67.7,266,51.5,94,18.2,369,71.4
3480115,2017,228,55.7,178,43.5,53,13,296,72.4
3480002,2017,469,83.8,464,82.9,15,2.7,456,81.4
3480136,2017,88,32.7,45,16.7,22,8.2,108,40.1
3480140,2017,244,55.2,136,30.8,45,10.2,239,54.1
3480145,2017,144,48.2,93,31.1,39,13,125,41.8
3480160,2017,181,63.5,140,49.1,57,20,228,80
3480175,2017,142,42.1,100,29.7,21,6.2,134,39.8
3480185,2017,83,34.3,54,22.3,23,9.5,94,38.8
3480200,2017,112,24.7,59,13,102,22.5,113,24.9
3480202,2017,254,44.9,170,30,137,24.2,254,44.9
3480515,2017,754,57.7,424,32.4,332,25.4,831,63.6
3480210,2017,477,59.3,357,44.3,125,15.5,526,65.3
3480215,2017,203,49.3,147,35.7,62,15,269,65.3
3480220,2017,271,41.4,156,23.9,111,17,276,42.2
3480520,2017,814,57.3,447,31.5,338,23.8,832,58.6
3480423,2017,457,53,247,28.6,176,20.4,490,56.8
3480230,2017,193,50.1,116,30.1,48,12.5,189,49.1
3480235,2017,122,32.4,88,23.4,37,9.8,148,39.4
3480240,2017,296,56.8,222,42.6,84,16.1,388,74.5
3480285,2017,174,68.5,65,25.6,28,11,145,57.1
3480280,2017,305,54.4,225,40.1,106,18.9,391,69.7
3480026,2017,64,43.5,48,32.7,36,24.5,90,61.2
3480260,2017,114,33.4,62,18.2,47,13.8,103,30.2
3480030,2017,504,80.4,393,62.7,85,13.6,435,69.4
3480225,2017,123,30.4,81,20,40,9.9,104,25.7
3480420,2017,459,56.3,273,33.5,146,17.9,543,66.5
3480605,2017,564,40.6,111,8,175,12.6,609,43.8
3490010,2017,0,0,0,0,8,13.3,18,30
3500010,2017,4,0.9,0,0,69,15.7,40,9.1
3500003,2017,20,3.4,13,2.2,81,13.7,54,9.1